variable,coefficient
nombres__Mn,0.05596409862682868
nombres__missingindicator_Nb_ppm,0.042596044010393075
nombres__HeatInput_kJmm,-0.03775599417870706
nombres__Si,0.03753308371634145
categories__Electrode_pol_manquant,-0.035139692877601124
nombres__missingindicator_V,-0.03261320325695262
categories__WeldType_NGSAW,0.031282200036507495
categories__AC_DC_manquant,-0.03013686173697663
categories__WeldType_MMA,-0.02739188472858356
nombres__missingindicator_Mo,0.026104597027437837
nombres__missingindicator_P,0.024989240286915713
categories__WeldType_NGGMA,0.023188721698691947
categories__WeldType_TSA,-0.022647036755026377
nombres__missingindicator_Ni,-0.021862074038086588
categories__WeldType_SA,0.020579961954896187
categories__AC_DC_DC,0.019186625565029144
nombres__InterpassT_C,0.01875238147990116
nombres__S,-0.01765142932019761
nombres__Current_A,0.01710517529152169
categories__WeldType_GMAA,-0.01521253970608668
nombres__missingindicator_B_ppm,0.015004179779517058
nombres__C,0.014219956893384404
categories__WeldType_GTAA,0.013815878168843325
nombres__Cu,0.013316302748494394
nombres__missingindicator_Ti_ppm,-0.012387120188779494
nombres__Mo,0.01195429261336169
categories__Electrode_pol_-,-0.01134567855077979
nombres__O_ppm,-0.010002191677926599
nombres__missingindicator_O_ppm,0.009835051589557343
categories__Electrode_pol_0,0.00953766411602278
nombres__PWHT_time_h,0.00947578164956721
nombres__missingindicator_S,-0.008719236196298758
nombres__missingindicator_Current_A,0.008629203921337123
nombres__missingindicator_Voltage_V,0.008629203921337123
nombres__B_ppm,-0.008261956079624221
categories__WeldType_ShMA,0.00789176886911359
nombres__Al_ppm,-0.00726428913631673
nombres__Ni,0.006828894051273054
nombres__missingindicator_Cu,-0.006500270897584886
nombres__missingindicator_Cr,-0.006313609805222182
nombres__Cr,-0.005377489730484518
nombres__PWHT_T_C,-0.00419712549255816
nombres__Voltage_V,0.003795959632738704
nombres__V,0.00323885159591669
nombres__missingindicator_N_ppm,-0.003053017285961825
nombres__P,-0.0024759812584251987
nombres__Nb_ppm,-0.0023233891158655584
nombres__Ti_ppm,0.001661599674428515
nombres__N_ppm,-0.001648592910087495
categories__WeldType_SAA,0.001412572055922785
nombres__missingindicator_Al_ppm,-0.0009658325576779669
