modele,configuration,parametres,RMSE_groupes,MAE_groupes,R2_groupes,RMSE_lignes,RMSE_apprentissage,ecart_type_RMSE,temps_secondes
Moyenne constante,0,{},0.14946219084172824,0.11826534034383722,-0.011564177672271159,0.14599817880540755,0.1490246001254231,0.01689142381893486,0.2066004581283778
Régression linéaire,1,{'preparation__indicateurs': True},0.127446833518231,0.09886269158803335,0.2668183999588023,0.12731927947805435,0.10305998594620705,0.016876721005160925,0.20983945881016552
Régression linéaire,0,{'preparation__indicateurs': False},0.12927304730683567,0.10092808999519029,0.24179930241901842,0.1278531895829544,0.11153488032665634,0.016836933811828044,0.11700512515380979
Ridge,17,"{'alpha': np.float64(10.0), 'preparation__indicateurs': True}",0.1225672454287489,0.09622280487315153,0.3190627488403507,0.12255605362984834,0.1072640598304393,0.014077581807842344,0.11410195799544454
Ridge,19,"{'alpha': np.float64(31.622776601683793), 'preparation__indicateurs': True}",0.1226519220305968,0.0965336187848379,0.3171420631972611,0.1223352687063695,0.1095627761817467,0.013582797941750036,0.1097099999897182
Ridge,15,"{'alpha': np.float64(3.1622776601683795), 'preparation__indicateurs': True}",0.1235268978029376,0.09654013866302269,0.30971905695659574,0.12359282282670467,0.1056199272567667,0.015200344518871513,0.10727954213507473
Ridge,13,"{'alpha': np.float64(1.0), 'preparation__indicateurs': True}",0.12454443085577398,0.09691289096583877,0.2994320940971952,0.12444554837796647,0.10423877250387559,0.016471871886256803,0.10473841684870422
Ridge,21,"{'alpha': np.float64(100.0), 'preparation__indicateurs': True}",0.12460444038371261,0.09835090368952512,0.29473016241078603,0.12393304251868313,0.11357970584235381,0.013730671276432184,0.10592095903120935
Ridge,11,"{'alpha': np.float64(0.31622776601683794), 'preparation__indicateurs': True}",0.12552611069923308,0.0974791213580506,0.28878887432557354,0.1251758364056873,0.1034130745411106,0.017040580404721856,0.11077320808544755
Ridge,18,"{'alpha': np.float64(31.622776601683793), 'preparation__indicateurs': False}",0.12628369603352507,0.09793799731530224,0.27727104830777183,0.12553020572804902,0.11536284292555923,0.01443415610072776,0.12318120803683996
Ridge,9,"{'alpha': np.float64(0.1), 'preparation__indicateurs': True}",0.12641898728999548,0.09811866227807813,0.2786275926983228,0.12600981176895276,0.10313494684409741,0.01700008906027193,0.10471837501972914
Ridge,20,"{'alpha': np.float64(100.0), 'preparation__indicateurs': False}",0.1267508510804208,0.09902687053474306,0.2708661936501828,0.12605561501760104,0.11862596972580461,0.013985998094163418,0.1056787921115756
Ridge,16,"{'alpha': np.float64(10.0), 'preparation__indicateurs': False}",0.12689250605575073,0.09803342762064432,0.2706386667716229,0.1260031786328,0.11377231325770136,0.015499297789414897,0.10895379190333188
Ridge,7,"{'alpha': np.float64(0.03162277660168379), 'preparation__indicateurs': True}",0.12700414337563964,0.09856062812503659,0.2719012710027674,0.12670740079072287,0.10307206263188762,0.016909698126123397,0.10905691585503519
Ridge,5,"{'alpha': np.float64(0.01), 'preparation__indicateurs': True}",0.12728576464888977,0.09875742338656539,0.2686667565468231,0.1270891059326216,0.10306150154995623,0.016883286778222643,0.10199099988676608
Ridge,14,"{'alpha': np.float64(3.1622776601683795), 'preparation__indicateurs': False}",0.12729073827503562,0.0984801261254292,0.26616260750640475,0.12634208511081213,0.11280679304579844,0.016306305533423885,0.10756174987182021
Ridge,3,"{'alpha': np.float64(0.0031622776601683794), 'preparation__indicateurs': True}",0.12739319342552563,0.09882829376154381,0.26743384142870996,0.12724174687694684,0.10306015098304959,0.016878159109312466,0.10480045806616545
Ridge,1,"{'alpha': np.float64(0.001), 'preparation__indicateurs': True}",0.1274295751866386,0.09885169669099927,0.2670164033948942,0.12729424171974163,0.10306000292869688,0.016877100675034395,0.10464975005015731
Ridge,12,"{'alpha': np.float64(1.0), 'preparation__indicateurs': False}",0.1274696981384336,0.09897660290775734,0.26415210753415014,0.12646099713544393,0.11212353938979862,0.016784178476587662,0.10206804191693664
Ridge,10,"{'alpha': np.float64(0.31622776601683794), 'preparation__indicateurs': False}",0.1278453101252544,0.09964568825009364,0.2596588645788477,0.12670785940756338,0.1117445949598171,0.017075618825622568,0.10540833394043148
Ridge,8,"{'alpha': np.float64(0.1), 'preparation__indicateurs': False}",0.12843120725666662,0.100273882256115,0.25245963434203456,0.12716326330430036,0.11158476470488037,0.01712288170340347,0.10597716621123254
Ridge,6,"{'alpha': np.float64(0.03162277660168379), 'preparation__indicateurs': False}",0.12890807510897373,0.10066790064217498,0.24646595776704103,0.12755249278554545,0.11154255479580263,0.016998232503334588,0.09999720915220678
Ridge,23,"{'alpha': np.float64(316.22776601683796), 'preparation__indicateurs': True}",0.12895008081323242,0.1014010475582869,0.24490710389304696,0.1280561903615859,0.12068395615382015,0.014511872819717612,0.10634329193271697
Ridge,4,"{'alpha': np.float64(0.01), 'preparation__indicateurs': False}",0.1291423712292134,0.10083842384248827,0.2434780494150198,0.1277454258764522,0.11153578720138446,0.016900133276631386,0.10405045817606151
Ridge,2,"{'alpha': np.float64(0.0031622776601683794), 'preparation__indicateurs': False}",0.1292299241691782,0.10089889337249658,0.24235426036301044,0.12781762107580247,0.11153497632604277,0.016858407753464383,0.10069062490947545
Ridge,0,"{'alpha': np.float64(0.001), 'preparation__indicateurs': False}",0.12925922027687742,0.1009187692666997,0.24197734865383785,0.1278417843704076,0.11153489010547091,0.016843883575240297,0.11421987507492304
Ridge,22,"{'alpha': np.float64(316.22776601683796), 'preparation__indicateurs': False}",0.12993787185743827,0.1017460774084071,0.23318660056841214,0.1290693789384158,0.12451977880801346,0.014384449045703095,0.11356554203666747
Ridge,25,"{'alpha': np.float64(1000.0), 'preparation__indicateurs': True}",0.13508214415656172,0.10582566904116333,0.1728128648038288,0.13378815784940074,0.13002697154683615,0.015511896605460724,0.10915662487968802
Ridge,24,"{'alpha': np.float64(1000.0), 'preparation__indicateurs': False}",0.13558881596409983,0.10627914302651395,0.16634467917334456,0.13417330769195063,0.13240743047084072,0.015212191648313136,0.10403108294121921
Lasso,13,"{'alpha': np.float64(0.001), 'preparation__indicateurs': True}",0.12410733038908535,0.09711303511482544,0.3024028830988638,0.12403752869878545,0.10802949765706989,0.015426572742066337,0.11673037498258054
Lasso,15,"{'alpha': np.float64(0.002154434690031882), 'preparation__indicateurs': True}",0.12419566103792223,0.09741471415132633,0.29992912008572603,0.1235440534580197,0.11068932558548476,0.01342785243416788,0.10445233294740319
Lasso,17,"{'alpha': np.float64(0.004641588833612777), 'preparation__indicateurs': True}",0.12483124115131587,0.09816232041919737,0.2929994023387551,0.12377029294791886,0.11478692919915894,0.013519857479293506,0.10256020817905664
Lasso,11,"{'alpha': np.float64(0.00046415888336127773), 'preparation__indicateurs': True}",0.12503632241250956,0.0973606591574777,0.29357502740183467,0.12490180621030804,0.10563383827666831,0.01762347319628076,0.1165548749268055
Lasso,12,"{'alpha': np.float64(0.001), 'preparation__indicateurs': False}",0.12569318560286863,0.0976467318000028,0.28432913618273253,0.12449125824171992,0.11403782048802935,0.014485336516362989,0.11635616701096296
Lasso,9,"{'alpha': np.float64(0.00021544346900318823), 'preparation__indicateurs': True}",0.125754436358367,0.09752844584553791,0.2866953245822992,0.12548071463145877,0.10402511546554302,0.01920110521494053,0.12319179205223918
Lasso,14,"{'alpha': np.float64(0.002154434690031882), 'preparation__indicateurs': False}",0.12582741496817584,0.09764910451897482,0.28241494302685644,0.1245258750190443,0.11532791509718732,0.014001269482315372,0.10765058314427733
Lasso,10,"{'alpha': np.float64(0.00046415888336127773), 'preparation__indicateurs': False}",0.12676696527132553,0.09856103826511733,0.2722590886467837,0.12554401551844258,0.11283632614256389,0.01575004663894984,0.10815349989570677
Lasso,19,"{'alpha': np.float64(0.01), 'preparation__indicateurs': True}",0.12712150876031178,0.0996591996885192,0.2682702429717631,0.126190912014368,0.11972346035203449,0.014703990357990531,0.10440999991260469
Lasso,7,"{'alpha': np.float64(0.0001), 'preparation__indicateurs': True}",0.1272917355545287,0.09826564548124098,0.2699479190931268,0.12657373407396078,0.1033246842442318,0.0201624292733677,0.13033158285543323
Lasso,8,"{'alpha': np.float64(0.00021544346900318823), 'preparation__indicateurs': False}",0.12750366672831667,0.09927679721188634,0.2633586955108195,0.12602000050413617,0.11202998888564994,0.01705989559839846,0.10895349993370473
Lasso,16,"{'alpha': np.float64(0.004641588833612777), 'preparation__indicateurs': False}",0.12770686395544475,0.09965348240119007,0.2608190029263186,0.12673117358112793,0.11897285618446736,0.014433393285504378,0.1017380419652909
Lasso,6,"{'alpha': np.float64(0.0001), 'preparation__indicateurs': False}",0.12773224907514497,0.09968457659294788,0.2608418152706478,0.12635080161665932,0.11171043301048829,0.017301957013026878,0.11167216603644192
Lasso,4,"{'alpha': np.float64(4.641588833612782e-05), 'preparation__indicateurs': False}",0.12819390097210143,0.10014606524311612,0.255192337870839,0.12678485330751182,0.1115930581010259,0.017144805339845845,0.1109149579424411
Lasso,5,"{'alpha': np.float64(4.641588833612782e-05), 'preparation__indicateurs': True}",0.12831121754254995,0.09887304784547937,0.2585744185962219,0.12738119252166086,0.10312905576185982,0.02044492058876096,0.12688145809806883
Lasso,18,"{'alpha': np.float64(0.01), 'preparation__indicateurs': False}",0.12841444819616496,0.10070386385656387,0.2525901502608246,0.12770283776840324,0.12360988138162894,0.014410784070367909,0.10001045907847583
Lasso,2,"{'alpha': np.float64(2.1544346900318823e-05), 'preparation__indicateurs': False}",0.12863836593973088,0.10051241838515108,0.24977533482460115,0.12724085692810433,0.11155233261183647,0.01710190575070594,0.1093149168882519
Lasso,0,"{'alpha': np.float64(1e-05), 'preparation__indicateurs': False}",0.12895878999775084,0.10072758473530659,0.2457585907843291,0.12754654731480763,0.11153870051077719,0.01695369567090256,0.12620499986223876
Lasso,3,"{'alpha': np.float64(2.1544346900318823e-05), 'preparation__indicateurs': True}",0.12896639308379107,0.09927552597375125,0.251074262049733,0.128001730614482,0.10307708669453577,0.020491577048806636,0.1358393752016127
Lasso,1,"{'alpha': np.float64(1e-05), 'preparation__indicateurs': True}",0.12934980629058068,0.09950449084984977,0.24669583197683154,0.12849299440760029,0.10306386004049924,0.02063432862447579,0.13828541710972786
Lasso,21,"{'alpha': np.float64(0.021544346900318822), 'preparation__indicateurs': True}",0.13064249027814104,0.1025313649015978,0.22685603950164782,0.1291694670702613,0.12806641143141756,0.014499294417802807,0.1071577500551939
Lasso,20,"{'alpha': np.float64(0.021544346900318822), 'preparation__indicateurs': False}",0.13073045390417196,0.10272744764815653,0.22568973760410743,0.12919792513182862,0.12905799821823052,0.014389569899081401,0.10473779193125665
Lasso,22,"{'alpha': np.float64(0.046415888336127774), 'preparation__indicateurs': False}",0.14016942564896115,0.11032481489849913,0.11040911506824365,0.13701652275145892,0.1395547437781376,0.015998861405658683,0.104469875106588
Lasso,23,"{'alpha': np.float64(0.046415888336127774), 'preparation__indicateurs': True}",0.14016942564896115,0.11032481489849913,0.11040911506824365,0.13701652275145892,0.1395547437781376,0.015998861405658683,0.10125454212538898
Lasso,24,"{'alpha': np.float64(0.1), 'preparation__indicateurs': False}",0.14946219084172824,0.11826534034383722,-0.011564177672271159,0.14599817880540755,0.1490246001254231,0.01689142381893486,0.10170545801520348
Lasso,25,"{'alpha': np.float64(0.1), 'preparation__indicateurs': True}",0.14946219084172824,0.11826534034383722,-0.011564177672271159,0.14599817880540755,0.1490246001254231,0.01689142381893486,0.10713945818133652
Linéaire après ACP,11,{'preparation__n_axes': 18},0.12394582050597736,0.09655095388132104,0.3021791781325533,0.12270308787186064,0.11212499099154964,0.012293016778815728,0.20496049989014864
Linéaire après ACP,10,{'preparation__n_axes': 16},0.1255588708139842,0.09867619489125042,0.2840594100504932,0.12313481746953352,0.11373446771503588,0.01265520028603133,0.20096349995583296
Linéaire après ACP,12,{'preparation__n_axes': 20},0.12676259590222191,0.0988295863808725,0.2713030309845424,0.12591374950632933,0.11184933133655113,0.01439696112378932,0.25757462508045137
Linéaire après ACP,9,{'preparation__n_axes': 14},0.12694138245135736,0.09985056083735937,0.2690862583787342,0.12472039253512664,0.11444532216439585,0.013698308589122245,0.2033905410207808
Linéaire après ACP,13,{'preparation__n_axes': 22},0.1292730473068357,0.10092808999519032,0.24179930241901787,0.12785318958295444,0.11153488032665634,0.016836933811828058,0.20210204203613102
Linéaire après ACP,7,{'preparation__n_axes': 11},0.13422193315892086,0.10653477434074968,0.17140968620875835,0.1315178084044009,0.12419675887357536,0.013566267362857664,0.2036628748755902
Linéaire après ACP,8,{'preparation__n_axes': 12},0.13518565901145874,0.10715376765042102,0.1601365746801931,0.13164099792617337,0.12170472640615107,0.01270971501159723,0.20435683312825859
Linéaire après ACP,5,{'preparation__n_axes': 8},0.1359954163516217,0.10755116816937058,0.1489752708456568,0.1337365662819655,0.12707691045283842,0.010792805117275959,0.20521008293144405
Linéaire après ACP,6,{'preparation__n_axes': 10},0.13641767035602642,0.1082870199134959,0.14483479962068846,0.13392907255093145,0.12549438987584086,0.010515604925468077,0.20298545784316957
Linéaire après ACP,4,{'preparation__n_axes': 6},0.1368261174707062,0.10818351609717099,0.13897448356497707,0.13470358355932133,0.1277197598741306,0.010167896668274612,0.20472079212777317
Linéaire après ACP,2,{'preparation__n_axes': 3},0.1369139751886643,0.10754714238281952,0.13599610216912095,0.13480868674877558,0.13005329284000833,0.013041436115440001,0.21672129211947322
Linéaire après ACP,3,{'preparation__n_axes': 4},0.13705268276646063,0.10760221573397066,0.13395507273053026,0.13530772601782504,0.12968529951246777,0.012687857115995928,0.21384437498636544
Linéaire après ACP,1,{'preparation__n_axes': 2},0.13921197270751512,0.10931599449988534,0.10764660164033062,0.1364001104537521,0.1316347792216192,0.013203243954980085,0.2060314160771668
Linéaire après ACP,0,{'preparation__n_axes': 1},0.14268386852913043,0.11157190211042567,0.06718514489125194,0.13919189438883067,0.13289469653076025,0.015139745637647806,0.21479733288288116
k plus proches voisins,37,"{'n_neighbors': 5, 'p': 1, 'preparation__n_axes': None, 'weights': 'distance'}",0.10527642880106129,0.07864837597197913,0.49324934703398904,0.10479737557329813,0.011108949682786863,0.00952755470011549,0.20787016698159277
k plus proches voisins,49,"{'n_neighbors': 7, 'p': 1, 'preparation__n_axes': None, 'weights': 'distance'}",0.10569131696610663,0.07942785498862999,0.48601430433380716,0.10497138374150908,0.011108949682786863,0.009426962159995809,0.21254970785230398
k plus proches voisins,25,"{'n_neighbors': 3, 'p': 1, 'preparation__n_axes': None, 'weights': 'distance'}",0.10744621863888093,0.0792164919541409,0.4734876573970393,0.10650364236082528,0.011108949682786863,0.010060327265731561,0.19860020792111754
k plus proches voisins,43,"{'n_neighbors': 5, 'p': 2, 'preparation__n_axes': None, 'weights': 'distance'}",0.10766946084950754,0.08062679144820253,0.46895199038256263,0.10655547709759042,0.011000211213845392,0.009793305602119247,0.1803369161207229
k plus proches voisins,55,"{'n_neighbors': 7, 'p': 2, 'preparation__n_axes': None, 'weights': 'distance'}",0.10787421413235374,0.08193526107241515,0.4659497273814116,0.10667348310941713,0.011000211214223028,0.009263478371447777,0.1885384579654783
k plus proches voisins,61,"{'n_neighbors': 10, 'p': 1, 'preparation__n_axes': None, 'weights': 'distance'}",0.10792289798979579,0.08212965299903675,0.4658704437655802,0.10723625101912997,0.011108949682786863,0.00875316123674165,0.2142927919048816
k plus proches voisins,41,"{'n_neighbors': 5, 'p': 1, 'preparation__n_axes': 14, 'weights': 'distance'}",0.1080959835639391,0.08047534708424939,0.4614266842803483,0.10701389189437702,0.011108949682786863,0.008025857246024358,0.21504004183225334
k plus proches voisins,53,"{'n_neighbors': 7, 'p': 1, 'preparation__n_axes': 14, 'weights': 'distance'}",0.10830849418695702,0.08149917208821696,0.4607267935776793,0.10781063854759443,0.011108949682786863,0.0071175614062189045,0.2404000419192016
k plus proches voisins,47,"{'n_neighbors': 5, 'p': 2, 'preparation__n_axes': 14, 'weights': 'distance'}",0.10859337824309208,0.08133547660077914,0.4606857172508203,0.1073815580155276,0.010966772856540036,0.010146832813922708,0.18598799989558756
k plus proches voisins,59,"{'n_neighbors': 7, 'p': 2, 'preparation__n_axes': 14, 'weights': 'distance'}",0.10882941489496442,0.0820274087812263,0.45620808162389237,0.108171101771763,0.010966772872955274,0.009532806017256755,0.18355491594411433
k plus proches voisins,57,"{'n_neighbors': 7, 'p': 2, 'preparation__n_axes': 8, 'weights': 'distance'}",0.10898174333342354,0.08197127580746456,0.4558878156898761,0.10894369141250364,0.01088354458707524,0.01100410501671195,0.18722987500950694
k plus proches voisins,71,"{'n_neighbors': 10, 'p': 2, 'preparation__n_axes': 14, 'weights': 'distance'}",0.10913343151067109,0.08351648201930797,0.4540966791556157,0.10842641873708272,0.010966772890896452,0.010130646201185934,0.18365445802919567
k plus proches voisins,67,"{'n_neighbors': 10, 'p': 2, 'preparation__n_axes': None, 'weights': 'distance'}",0.10920843710059742,0.08372719054090294,0.45333124108107237,0.10820086658488344,0.01100021121565138,0.009791213426623513,0.1857310829218477
k plus proches voisins,65,"{'n_neighbors': 10, 'p': 1, 'preparation__n_axes': 14, 'weights': 'distance'}",0.10928564480368581,0.08360979206073599,0.4524898802868747,0.10812864276730391,0.011108949682786863,0.00918811920641573,0.22715745819732547
k plus proches voisins,69,"{'n_neighbors': 10, 'p': 2, 'preparation__n_axes': 8, 'weights': 'distance'}",0.10953719990591482,0.08373749242049022,0.4500262627956868,0.10937428127121926,0.01088354457266252,0.01185966709895713,0.18495899997651577
k plus proches voisins,45,"{'n_neighbors': 5, 'p': 2, 'preparation__n_axes': 8, 'weights': 'distance'}",0.10979702800946578,0.08220239326255523,0.44996464488743726,0.10979971373813595,0.010883544584949431,0.01099149450538916,0.18301041703671217
k plus proches voisins,73,"{'n_neighbors': 15, 'p': 1, 'preparation__n_axes': None, 'weights': 'distance'}",0.1097998002668055,0.08522513341796574,0.44649854298202046,0.10938670230888489,0.011108949682786863,0.007579818861651539,0.2187322909012437
k plus proches voisins,77,"{'n_neighbors': 15, 'p': 1, 'preparation__n_axes': 14, 'weights': 'distance'}",0.1103995844502484,0.08547196584780342,0.4427540667153355,0.10888251040083777,0.011108949682786863,0.01029319649597671,0.22977345786057413
k plus proches voisins,36,"{'n_neighbors': 5, 'p': 1, 'preparation__n_axes': None, 'weights': 'uniform'}",0.11041033535188446,0.08379923794547976,0.43959929930489317,0.11013752719778305,0.08438552597162241,0.008721462692867898,0.20912512484937906
k plus proches voisins,79,"{'n_neighbors': 15, 'p': 2, 'preparation__n_axes': None, 'weights': 'distance'}",0.11075613031268702,0.08632015206814903,0.438296597924802,0.11000787611426474,0.0110002112394471,0.009504107998001936,0.18814637488685548
k plus proches voisins,81,"{'n_neighbors': 15, 'p': 2, 'preparation__n_axes': 8, 'weights': 'distance'}",0.11077763076937545,0.0856571295759653,0.43660982807826515,0.11053437776618,0.010883544601190493,0.008213030985663032,0.19128866703249514
k plus proches voisins,35,"{'n_neighbors': 3, 'p': 2, 'preparation__n_axes': 14, 'weights': 'distance'}",0.11130199329972006,0.08281983136303181,0.436625770979518,0.11021293036835336,0.010966772813831637,0.012096643889031231,0.23532674997113645
k plus proches voisins,63,"{'n_neighbors': 10, 'p': 1, 'preparation__n_axes': 8, 'weights': 'distance'}",0.11137550030921464,0.08501388028048065,0.4303195678721837,0.11157353239030654,0.011108949682786863,0.008267439272901645,0.2185254159849137
k plus proches voisins,29,"{'n_neighbors': 3, 'p': 1, 'preparation__n_axes': 14, 'weights': 'distance'}",0.11147116746314814,0.08237363267742959,0.4297915770804259,0.11061196617711717,0.011108949682786863,0.010061317721142923,0.2154444579500705
k plus proches voisins,51,"{'n_neighbors': 7, 'p': 1, 'preparation__n_axes': 8, 'weights': 'distance'}",0.11152706703063438,0.08348187519899172,0.429450073747334,0.11154403949572474,0.011108949682786863,0.00858087874728635,0.2083714168984443
k plus proches voisins,24,"{'n_neighbors': 3, 'p': 1, 'preparation__n_axes': None, 'weights': 'uniform'}",0.11162429895330597,0.08277301200924017,0.4274447620690013,0.11058422050324568,0.07001982267036823,0.008274584078760246,0.19570358307100832
k plus proches voisins,31,"{'n_neighbors': 3, 'p': 2, 'preparation__n_axes': None, 'weights': 'distance'}",0.1116617699167642,0.08275214909205203,0.42946510928555715,0.1102195113853081,0.01100021117041228,0.009532136696790077,0.17960537504404783
k plus proches voisins,83,"{'n_neighbors': 15, 'p': 2, 'preparation__n_axes': 14, 'weights': 'distance'}",0.11190286327594856,0.0866253860487772,0.42647015696948365,0.11074331105966446,0.010966772900384813,0.009578035221768916,0.1927763340063393
k plus proches voisins,42,"{'n_neighbors': 5, 'p': 2, 'preparation__n_axes': None, 'weights': 'uniform'}",0.11193480393675656,0.08510757894144969,0.42524525438076444,0.11138390358884817,0.08652065995164203,0.009827341322615254,0.17287091701291502
k plus proches voisins,13,"{'n_neighbors': 2, 'p': 1, 'preparation__n_axes': None, 'weights': 'distance'}",0.11211757843476752,0.08332066158267881,0.4255529398523798,0.11162358787268485,0.011387586178958206,0.01015468274847197,0.24218299984931946
k plus proches voisins,48,"{'n_neighbors': 7, 'p': 1, 'preparation__n_axes': None, 'weights': 'uniform'}",0.11212976814411227,0.08595184307784713,0.4166345647155249,0.11145413554897692,0.09293658260520057,0.008296447172220158,0.20293833315372467
k plus proches voisins,39,"{'n_neighbors': 5, 'p': 1, 'preparation__n_axes': 8, 'weights': 'distance'}",0.11218257062025556,0.08311289959793511,0.4222718122876071,0.1117021902855561,0.011108949682786863,0.0071838850695225605,0.19925858406350017
k plus proches voisins,95,"{'n_neighbors': 20, 'p': 2, 'preparation__n_axes': 14, 'weights': 'distance'}",0.11279687232443977,0.08799406019659918,0.41814088902205027,0.11164403542619324,0.010966772922148676,0.009651442664009613,0.23151487507857382
k plus proches voisins,46,"{'n_neighbors': 5, 'p': 2, 'preparation__n_axes': 14, 'weights': 'uniform'}",0.11306242921123974,0.0857194904632466,0.4140219515123924,0.11235450132142374,0.08643272276683915,0.009707114252007086,0.18146579200401902
k plus proches voisins,40,"{'n_neighbors': 5, 'p': 1, 'preparation__n_axes': 14, 'weights': 'uniform'}",0.1132530723549143,0.08536307190864961,0.40552735476449325,0.11261773146078882,0.08829265383390743,0.006581261519096614,0.2093640840612352
k plus proches voisins,89,"{'n_neighbors': 20, 'p': 1, 'preparation__n_axes': 14, 'weights': 'distance'}",0.11327966977488238,0.08831600056332747,0.41308212709629455,0.11155587128561614,0.011108949682786863,0.010843449031376304,0.23707791697233915
k plus proches voisins,75,"{'n_neighbors': 15, 'p': 1, 'preparation__n_axes': 8, 'weights': 'distance'}",0.11350252302184374,0.08782977204427928,0.4079771737986041,0.11335090321553798,0.011108949682786863,0.007873383910777739,0.21830324991606176
k plus proches voisins,33,"{'n_neighbors': 3, 'p': 2, 'preparation__n_axes': 8, 'weights': 'distance'}",0.11354363454114891,0.08351347900489026,0.4135321194444856,0.11346001958754601,0.010883544544272322,0.011933208160138176,0.18475183402188122
k plus proches voisins,12,"{'n_neighbors': 2, 'p': 1, 'preparation__n_axes': None, 'weights': 'uniform'}",0.1136585098484764,0.08553238837776267,0.40878058002556195,0.11331717279292494,0.05815861866744112,0.00926724740185523,0.21859241696074605
k plus proches voisins,85,"{'n_neighbors': 20, 'p': 1, 'preparation__n_axes': None, 'weights': 'distance'}",0.11369539920462732,0.08872460692868303,0.4093122929152092,0.11290745529025781,0.011108949682786863,0.008635650290274676,0.21969437506049871
k plus proches voisins,54,"{'n_neighbors': 7, 'p': 2, 'preparation__n_axes': None, 'weights': 'uniform'}",0.11400268454501856,0.08782142470790355,0.4014538163717162,0.11301472400072951,0.09523442155528133,0.008621021399075432,0.19468170800246298
k plus proches voisins,44,"{'n_neighbors': 5, 'p': 2, 'preparation__n_axes': 8, 'weights': 'uniform'}",0.11401038083109845,0.08660719256230391,0.4043555255252859,0.11424818281124886,0.08767953835226339,0.009951036356504612,0.1768100829795003
k plus proches voisins,19,"{'n_neighbors': 2, 'p': 2, 'preparation__n_axes': None, 'weights': 'distance'}",0.11404037276475595,0.08476546026328488,0.4023072976344868,0.11266847414354746,0.011281710343754399,0.006701395434755805,0.19137804210186005
k plus proches voisins,93,"{'n_neighbors': 20, 'p': 2, 'preparation__n_axes': 8, 'weights': 'distance'}",0.1140663757439901,0.08916456261557412,0.40243125772318117,0.11336640810017809,0.010883544624015773,0.008307791766986861,0.19707666710019112
k plus proches voisins,52,"{'n_neighbors': 7, 'p': 1, 'preparation__n_axes': 14, 'weights': 'uniform'}",0.11433499837033083,0.08745743264793215,0.3962548343382769,0.1141187966665882,0.09631009258543868,0.005777723491650608,0.2302091249730438
k plus proches voisins,56,"{'n_neighbors': 7, 'p': 2, 'preparation__n_axes': 8, 'weights': 'uniform'}",0.11438694356225787,0.08755109971702266,0.39609353178561824,0.11433880879249955,0.09641262848594193,0.010107539841564183,0.17866845801472664
k plus proches voisins,34,"{'n_neighbors': 3, 'p': 2, 'preparation__n_axes': 14, 'weights': 'uniform'}",0.11448323149150412,0.08612407123093223,0.4029899358018877,0.11381177770043305,0.07309245870184648,0.011910687992537423,0.17672591703012586
k plus proches voisins,58,"{'n_neighbors': 7, 'p': 2, 'preparation__n_axes': 14, 'weights': 'uniform'}",0.11463362395933466,0.08771604410912769,0.39381454240761843,0.11423768088320012,0.09430811958996718,0.008509417320222108,0.18404979212209582
k plus proches voisins,91,"{'n_neighbors': 20, 'p': 2, 'preparation__n_axes': None, 'weights': 'distance'}",0.11467977240244379,0.0894834045224771,0.398965361596332,0.11356504775346843,0.011000211255299487,0.009811327131241266,0.19157187500968575
k plus proches voisins,28,"{'n_neighbors': 3, 'p': 1, 'preparation__n_axes': 14, 'weights': 'uniform'}",0.11492569080018786,0.08575037566718388,0.38979594977898013,0.11446494008166488,0.07475283008146781,0.009363444572496995,0.20024649985134602
k plus proches voisins,27,"{'n_neighbors': 3, 'p': 1, 'preparation__n_axes': 8, 'weights': 'distance'}",0.11498492017723949,0.08463136014859955,0.39481999648585375,0.1152098197053502,0.011108949682786863,0.00893603651032995,0.19871554104611278
k plus proches voisins,30,"{'n_neighbors': 3, 'p': 2, 'preparation__n_axes': None, 'weights': 'uniform'}",0.11498783277320505,0.08598056678628628,0.393017384689989,0.1138071507459241,0.07240478217956402,0.009768149353636114,0.1792761250399053
k plus proches voisins,23,"{'n_neighbors': 2, 'p': 2, 'preparation__n_axes': 14, 'weights': 'distance'}",0.1150543905034902,0.0855189145434099,0.3961304178157222,0.11423986753185351,0.011249230171985317,0.013356110088468204,0.17480162507854402
k plus proches voisins,87,"{'n_neighbors': 20, 'p': 1, 'preparation__n_axes': 8, 'weights': 'distance'}",0.11550755672501452,0.08972168699458453,0.3866861224531881,0.11545407993482051,0.011108949682786863,0.0082268217353238,0.21919612493366003
k plus proches voisins,18,"{'n_neighbors': 2, 'p': 2, 'preparation__n_axes': None, 'weights': 'uniform'}",0.11575366437124783,0.08661844111790211,0.3820070196884404,0.11455266932169168,0.05969031746616813,0.006150808623615982,0.19835512503050268
k plus proches voisins,60,"{'n_neighbors': 10, 'p': 1, 'preparation__n_axes': None, 'weights': 'uniform'}",0.1158654868566515,0.09097646247142846,0.3813800157959172,0.11493042469258792,0.10110957366183522,0.006624046405840931,0.20700804190710187
k plus proches voisins,68,"{'n_neighbors': 10, 'p': 2, 'preparation__n_axes': 8, 'weights': 'uniform'}",0.1160597309879903,0.09069310409769639,0.3792883082936404,0.1156718299462141,0.10285890908022159,0.011530186018796226,0.1786956659052521
k plus proches voisins,70,"{'n_neighbors': 10, 'p': 2, 'preparation__n_axes': 14, 'weights': 'uniform'}",0.11631133648207481,0.09063255993250817,0.3783503870208639,0.11533955974949821,0.10342008957548501,0.009907361626653309,0.18227116717025638
k plus proches voisins,38,"{'n_neighbors': 5, 'p': 1, 'preparation__n_axes': 8, 'weights': 'uniform'}",0.11631798295777138,0.08749284594341535,0.3749091485351076,0.11603825276492721,0.08880724457897331,0.005326260031348695,0.19671920919790864
k plus proches voisins,17,"{'n_neighbors': 2, 'p': 1, 'preparation__n_axes': 14, 'weights': 'distance'}",0.11653725598896274,0.08673023530755458,0.37692973352898196,0.11584990121836483,0.011387586178958206,0.01236767381656959,0.21572220791131258
k plus proches voisins,50,"{'n_neighbors': 7, 'p': 1, 'preparation__n_axes': 8, 'weights': 'uniform'}",0.11673552787062051,0.08927090963942161,0.3707897377212599,0.11678925524355577,0.09743403051067787,0.0072161778342297355,0.200259167002514
k plus proches voisins,64,"{'n_neighbors': 10, 'p': 1, 'preparation__n_axes': 14, 'weights': 'uniform'}",0.11681092496147663,0.09053966358011584,0.37328969891890607,0.11522766830813377,0.10356540876336476,0.00831229541967508,0.22916541621088982
k plus proches voisins,101,"{'n_neighbors': 30, 'p': 1, 'preparation__n_axes': 14, 'weights': 'distance'}",0.11685664036500616,0.09095120703144696,0.37501885840706867,0.11493326948588503,0.011108949682786863,0.011640048282265841,0.23855341598391533
k plus proches voisins,32,"{'n_neighbors': 3, 'p': 2, 'preparation__n_axes': 8, 'weights': 'uniform'}",0.11687748152509517,0.08653242542716913,0.3746398494655681,0.11667456112709815,0.0730212096590066,0.009932787008888822,0.17824995890259743
k plus proches voisins,66,"{'n_neighbors': 10, 'p': 2, 'preparation__n_axes': None, 'weights': 'uniform'}",0.1169075752230599,0.09110608607958852,0.3714172975218058,0.1156650585976545,0.10329169322670365,0.009655359051536312,0.1810602501500398
k plus proches voisins,22,"{'n_neighbors': 2, 'p': 2, 'preparation__n_axes': 14, 'weights': 'uniform'}",0.11698207325390482,0.08786908132669505,0.37533248791288143,0.11609700476718995,0.05883061498706691,0.012474299447345726,0.1779256670270115
k plus proches voisins,21,"{'n_neighbors': 2, 'p': 2, 'preparation__n_axes': 8, 'weights': 'distance'}",0.11716292906476793,0.08538966878304093,0.375499131710176,0.11756073992464584,0.011167888589430588,0.013571497704871864,0.19125862489454448
k plus proches voisins,26,"{'n_neighbors': 3, 'p': 1, 'preparation__n_axes': 8, 'weights': 'uniform'}",0.11724837823711673,0.08650399289875962,0.36723145070192037,0.11768720331790967,0.07434023055155622,0.006823599450655359,0.19338933401741087
k plus proches voisins,107,"{'n_neighbors': 30, 'p': 2, 'preparation__n_axes': 14, 'weights': 'distance'}",0.11740074693973541,0.09096481836103779,0.3699240315463103,0.11559031984262894,0.01096677293303914,0.009665584761686467,0.19968704204075038
k plus proches voisins,97,"{'n_neighbors': 30, 'p': 1, 'preparation__n_axes': None, 'weights': 'distance'}",0.1174395883596235,0.09191213331451469,0.36929429143084763,0.11639888695191443,0.011108949682786863,0.008898144503190427,0.23176254192367196
k plus proches voisins,105,"{'n_neighbors': 30, 'p': 2, 'preparation__n_axes': 8, 'weights': 'distance'}",0.11786167807447157,0.09183701515975799,0.3646665649062987,0.11727701613265737,0.01088354471182099,0.010060001938073552,0.2026437500026077
k plus proches voisins,16,"{'n_neighbors': 2, 'p': 1, 'preparation__n_axes': 14, 'weights': 'uniform'}",0.11786231389503168,0.08837325651436542,0.360851321409618,0.11719027876413775,0.06013946128328741,0.011637049620486497,0.2058224999345839
k plus proches voisins,62,"{'n_neighbors': 10, 'p': 1, 'preparation__n_axes': 8, 'weights': 'uniform'}",0.11830909118182771,0.09242177524790271,0.35357115036115727,0.11825566300779618,0.10428659482828236,0.0069417465822080434,0.2036963750142604
k plus proches voisins,78,"{'n_neighbors': 15, 'p': 2, 'preparation__n_axes': None, 'weights': 'uniform'}",0.11897162768271505,0.09376905850529668,0.3505335260363876,0.1175733287792496,0.11071858859797586,0.009629735828390723,0.1814069589599967
k plus proches voisins,76,"{'n_neighbors': 15, 'p': 1, 'preparation__n_axes': 14, 'weights': 'uniform'}",0.11934738966482769,0.09333786950149547,0.34833053517251616,0.11709188927930718,0.11083701498832366,0.010447853186301405,0.22296595899388194
k plus proches voisins,20,"{'n_neighbors': 2, 'p': 2, 'preparation__n_axes': 8, 'weights': 'uniform'}",0.11944847502687614,0.08745779894060926,0.3478025311294818,0.11942479044047516,0.05839994130074867,0.012133872487701886,0.20734987501055002
k plus proches voisins,99,"{'n_neighbors': 30, 'p': 1, 'preparation__n_axes': 8, 'weights': 'distance'}",0.11947662738086313,0.09291802674623842,0.3456000501368939,0.11835186963716074,0.011108949682786863,0.009027648659304449,0.21755908406339586
k plus proches voisins,15,"{'n_neighbors': 2, 'p': 1, 'preparation__n_axes': 8, 'weights': 'distance'}",0.1194813961135067,0.08952729061960767,0.34865408584016155,0.12009862137431496,0.011387586178958206,0.01398083013280003,0.22106245905160904
k plus proches voisins,103,"{'n_neighbors': 30, 'p': 2, 'preparation__n_axes': None, 'weights': 'distance'}",0.11966852130386267,0.09245630067689978,0.34584431844810304,0.11797107339302904,0.01100021126803886,0.010192357740201467,0.19381583319045603
k plus proches voisins,80,"{'n_neighbors': 15, 'p': 2, 'preparation__n_axes': 8, 'weights': 'uniform'}",0.11991458245433981,0.09377673995884526,0.3370404585246248,0.11890970876849419,0.10965989937564855,0.00703566179778445,0.1825702921487391
k plus proches voisins,72,"{'n_neighbors': 15, 'p': 1, 'preparation__n_axes': None, 'weights': 'uniform'}",0.12023383757859593,0.0955551771188207,0.33365712998981956,0.11915455708619538,0.10965646952618151,0.005742639520856242,0.21253720787353814
k plus proches voisins,82,"{'n_neighbors': 15, 'p': 2, 'preparation__n_axes': 14, 'weights': 'uniform'}",0.12121415921581705,0.09482545504904813,0.32504566400577173,0.11927518662159678,0.11071004686614154,0.009254442083157143,0.1847689999267459
k plus proches voisins,14,"{'n_neighbors': 2, 'p': 1, 'preparation__n_axes': 8, 'weights': 'uniform'}",0.1212219833075274,0.09141452998309327,0.32816850314314616,0.1220422138359362,0.061726670022701956,0.01404536070603097,0.21622145804576576
k plus proches voisins,94,"{'n_neighbors': 20, 'p': 2, 'preparation__n_axes': 14, 'weights': 'uniform'}",0.12202464353663181,0.09568101049673211,0.3175938329315108,0.12001496677446959,0.1153960201107119,0.009108257982056087,0.18864833377301693
k plus proches voisins,88,"{'n_neighbors': 20, 'p': 1, 'preparation__n_axes': 14, 'weights': 'uniform'}",0.12273505470766066,0.096602355056652,0.3098162258341988,0.12019761160739446,0.115674126253605,0.010615806152527392,0.22620512498542666
k plus proches voisins,113,"{'n_neighbors': 50, 'p': 1, 'preparation__n_axes': 14, 'weights': 'distance'}",0.12315489681164593,0.09563173280420509,0.3078082361466296,0.12083304308680838,0.011108949682786863,0.01195445431667058,0.24415150005370378
k plus proches voisins,109,"{'n_neighbors': 50, 'p': 1, 'preparation__n_axes': None, 'weights': 'distance'}",0.12328021721938325,0.09595839340666734,0.3078828936780962,0.1215222243383622,0.011108949682786863,0.011407358759767358,0.23415862512774765
k plus proches voisins,111,"{'n_neighbors': 50, 'p': 1, 'preparation__n_axes': 8, 'weights': 'distance'}",0.12356431181472158,0.09655014128149633,0.3009682207642161,0.12206675361252387,0.011108949682786863,0.010492798199527252,0.23221691697835922
k plus proches voisins,74,"{'n_neighbors': 15, 'p': 1, 'preparation__n_axes': 8, 'weights': 'uniform'}",0.12366325907604112,0.09722586084694766,0.29374068313096974,0.12262423047147879,0.11180182522985001,0.006117293077838184,0.21345270797610283
k plus proches voisins,119,"{'n_neighbors': 50, 'p': 2, 'preparation__n_axes': 14, 'weights': 'distance'}",0.12367892846221007,0.09544940949330956,0.3025761860152207,0.12086108316344435,0.01096677306061376,0.01118992931000421,0.2323606249410659
k plus proches voisins,117,"{'n_neighbors': 50, 'p': 2, 'preparation__n_axes': 8, 'weights': 'distance'}",0.12368074164695804,0.09636160846515726,0.3010610506670616,0.12196316473984345,0.010883544813032605,0.010312662888054616,0.21203449997119606
k plus proches voisins,90,"{'n_neighbors': 20, 'p': 2, 'preparation__n_axes': None, 'weights': 'uniform'}",0.12387418696303931,0.09741215307328167,0.2980962267909243,0.12207318281958049,0.11617879765323738,0.00957766552262679,0.1851166661363095
k plus proches voisins,92,"{'n_neighbors': 20, 'p': 2, 'preparation__n_axes': 8, 'weights': 'uniform'}",0.12497508922419757,0.09842051160612246,0.28090266501939853,0.12309685868438724,0.1156266798537829,0.007645168148100865,0.18682399997487664
k plus proches voisins,0,"{'n_neighbors': 1, 'p': 1, 'preparation__n_axes': None, 'weights': 'uniform'}",0.12511000906354547,0.09481096436485328,0.28450505105717483,0.12427240024410917,0.01516513583870989,0.009051437502603668,0.2000251670833677
k plus proches voisins,1,"{'n_neighbors': 1, 'p': 1, 'preparation__n_axes': None, 'weights': 'distance'}",0.12511000906354547,0.09481096436485328,0.28450505105717483,0.12427240024410917,0.01516513583870989,0.009051437502603668,0.23590600001625717
k plus proches voisins,115,"{'n_neighbors': 50, 'p': 2, 'preparation__n_axes': None, 'weights': 'distance'}",0.1254284301840257,0.09712259007407655,0.2831295650906456,0.12287400871635926,0.011000211238230903,0.011321629452188937,0.20409808307886124
k plus proches voisins,84,"{'n_neighbors': 20, 'p': 1, 'preparation__n_axes': None, 'weights': 'uniform'}",0.1256886967994212,0.09947208357402412,0.2761486979616622,0.12384588768153704,0.11612680547038812,0.008179973037170343,0.2185302919242531
k plus proches voisins,86,"{'n_neighbors': 20, 'p': 1, 'preparation__n_axes': 8, 'weights': 'uniform'}",0.12645358542588908,0.0990823769665522,0.26158574501861115,0.12516212864211193,0.11846117911496053,0.007343713563391254,0.210561707848683
k plus proches voisins,100,"{'n_neighbors': 30, 'p': 1, 'preparation__n_axes': 14, 'weights': 'uniform'}",0.1266927092338283,0.0988830755378476,0.2627972293623343,0.12428608680269222,0.12209034614685998,0.011065514742860341,0.23377966694533825
k plus proches voisins,106,"{'n_neighbors': 30, 'p': 2, 'preparation__n_axes': 14, 'weights': 'uniform'}",0.12704181903410397,0.09886340520901679,0.2599987911387628,0.12465485088319364,0.12163491560504673,0.008594735283385427,0.19271708303131163
k plus proches voisins,10,"{'n_neighbors': 1, 'p': 2, 'preparation__n_axes': 14, 'weights': 'uniform'}",0.12842616684837632,0.09631421997006692,0.24445822676910342,0.12901372445939124,0.01516513583870989,0.013336983894909829,0.2749062089715153
k plus proches voisins,11,"{'n_neighbors': 1, 'p': 2, 'preparation__n_axes': 14, 'weights': 'distance'}",0.12842616684837632,0.09631421997006692,0.24445822676910342,0.12901372445939124,0.01516513583870989,0.013336983894909829,0.2226331669371575
k plus proches voisins,104,"{'n_neighbors': 30, 'p': 2, 'preparation__n_axes': 8, 'weights': 'uniform'}",0.12867709938812935,0.10052952355713937,0.2414651717292867,0.12716110012180087,0.12285617210930574,0.009804309725381755,0.1948887500911951
k plus proches voisins,6,"{'n_neighbors': 1, 'p': 2, 'preparation__n_axes': None, 'weights': 'uniform'}",0.12951042444869348,0.09667009051616712,0.22494873622249187,0.1278088816151582,0.015165286109719733,0.006511000893127793,0.1808351669460535
k plus proches voisins,7,"{'n_neighbors': 1, 'p': 2, 'preparation__n_axes': None, 'weights': 'distance'}",0.12951042444869348,0.09667009051616712,0.22494873622249179,0.1278088816151582,0.015165286109719733,0.0065110008931277925,0.20332583412528038
k plus proches voisins,102,"{'n_neighbors': 30, 'p': 2, 'preparation__n_axes': None, 'weights': 'uniform'}",0.1295182355741549,0.10048988476103848,0.23208387979222236,0.12731759909562673,0.12287390899149737,0.009866029247985427,0.19615479209460318
k plus proches voisins,4,"{'n_neighbors': 1, 'p': 1, 'preparation__n_axes': 14, 'weights': 'uniform'}",0.1302940967233624,0.09645803863905109,0.21561734266902058,0.13037879240712166,0.01516513583870989,0.012129739853743653,0.19847070798277855
k plus proches voisins,5,"{'n_neighbors': 1, 'p': 1, 'preparation__n_axes': 14, 'weights': 'distance'}",0.1302940967233624,0.09645803863905109,0.21561734266902058,0.13037879240712166,0.01516513583870989,0.012129739853743653,0.20447108405642211
k plus proches voisins,8,"{'n_neighbors': 1, 'p': 2, 'preparation__n_axes': 8, 'weights': 'uniform'}",0.13053108484300108,0.09822149326672024,0.2240384714356264,0.13105101378478445,0.01516513583870989,0.020260880338920897,0.27176279202103615
k plus proches voisins,9,"{'n_neighbors': 1, 'p': 2, 'preparation__n_axes': 8, 'weights': 'distance'}",0.13053108484300108,0.09822149326672022,0.2240384714356264,0.13105101378478445,0.01516513583870989,0.020260880338920897,0.2839936250820756
k plus proches voisins,96,"{'n_neighbors': 30, 'p': 1, 'preparation__n_axes': None, 'weights': 'uniform'}",0.1308165218659291,0.10309444853408692,0.21472020710010592,0.1288007937006251,0.12402449999842932,0.008914037633334154,0.23685908410698175
k plus proches voisins,98,"{'n_neighbors': 30, 'p': 1, 'preparation__n_axes': 8, 'weights': 'uniform'}",0.13115201104889382,0.10215407369309597,0.20911288724120816,0.12876146877255165,0.12533029805350424,0.00863982230545808,0.21867466694675386
k plus proches voisins,2,"{'n_neighbors': 1, 'p': 1, 'preparation__n_axes': 8, 'weights': 'uniform'}",0.13276118756393215,0.10006091583080257,0.19335470197431942,0.13454140006554538,0.01516513583870989,0.01759497250235118,0.22433604090474546
k plus proches voisins,3,"{'n_neighbors': 1, 'p': 1, 'preparation__n_axes': 8, 'weights': 'distance'}",0.13276118756393215,0.10006091583080257,0.19335470197431945,0.13454140006554538,0.01516513583870989,0.017594972502351182,0.18971791700460017
k plus proches voisins,112,"{'n_neighbors': 50, 'p': 1, 'preparation__n_axes': 14, 'weights': 'uniform'}",0.13281853776903155,0.10371338205264344,0.19341947639867893,0.1301565433566506,0.12964129622996934,0.011493217016049355,0.2348950409796089
k plus proches voisins,118,"{'n_neighbors': 50, 'p': 2, 'preparation__n_axes': 14, 'weights': 'uniform'}",0.1330525041468468,0.10285707668973987,0.19167160474692738,0.12978608642843115,0.12930798595677284,0.010723579846735148,0.2090607089921832
k plus proches voisins,114,"{'n_neighbors': 50, 'p': 2, 'preparation__n_axes': None, 'weights': 'uniform'}",0.13427160698720148,0.10433824237604794,0.17774516475505744,0.13134190867741619,0.12984322676130702,0.011257244031880888,0.19320620805956423
k plus proches voisins,110,"{'n_neighbors': 50, 'p': 1, 'preparation__n_axes': 8, 'weights': 'uniform'}",0.1343880514121476,0.10534038798149584,0.17146254702925634,0.13214778019305448,0.13095811935910634,0.010578166667138377,0.2257105829194188
k plus proches voisins,116,"{'n_neighbors': 50, 'p': 2, 'preparation__n_axes': 8, 'weights': 'uniform'}",0.13461694431347432,0.10469429596289055,0.17084684849602774,0.1321460987573757,0.13042384303824103,0.010007021336142936,0.20363729214295745
k plus proches voisins,108,"{'n_neighbors': 50, 'p': 1, 'preparation__n_axes': None, 'weights': 'uniform'}",0.13685061634034085,0.10693614007228387,0.14566864288075893,0.13424008883546573,0.1326507370370354,0.012029241406871036,0.23323112493380904
