modele,RMSE y2,RMSE y3,gain y2,gain y3,R2 y3,ecart type y3,configurations,evolution du gain
Forêt aleatoire,0.10379342584658509,0.08166584796609325,0.3055539647716239,0.3801932038206779,0.6006485968233916,0.010264709010915167,105,0.07463923904905401
Bagging,0.1077728118443676,0.08305505996805106,0.2789292647363055,0.3696497139581244,0.5874710460863699,0.01041613360553217,25,0.09072044922181888
k plus proches voisins,0.10527642880106129,0.09043048532383183,0.29563170318744425,0.31367357614683045,0.5122757357833023,0.005983231432769769,120,0.018041872959386196
Ridge,0.1225672454287489,0.09790386367820163,0.1799448091956548,0.2569540194432619,0.4274774512109129,0.011886559146087794,26,0.0770092102476071
Lasso,0.12410733038908535,0.09852299925863468,0.16964063158616627,0.25225506082021343,0.4161238431447673,0.012277015067729173,26,0.08261442923404716
Lineaire apres ACP,0.12394582050597736,0.10228113628014449,0.17072123854233634,0.22373250304463022,0.37900322405450865,0.015061489213441422,14,0.053011264502293876
Arbre,0.1263175960338614,0.102456935609669,0.15485250602525713,0.22239826576041932,0.3746467887809068,0.008178400665270008,192,0.06754575973516219
Regression lineaire,0.127446833518231,0.10411970157783794,0.14729716726024866,0.2097786251983732,0.3579296379788186,0.018006015271546428,2,0.06248145793812454
Moyenne constante,0.14946219084172824,0.13176016860335577,0.0,0.0,-0.025467500046216875,0.01209305831792064,1,0.0
