variable,y2,y3,ecart relatif (%),colonne gardee
C,0.075,0.075,0.0,True
Si,0.32,0.32,0.0,True
Mn,1.24,1.24,0.0,True
S,0.008,0.008,0.0,True
P,0.011,0.011,0.0,True
Ni,0.028999999999999998,0.0235,18.965517241379306,True
Cr,0.05,0.05,0.0,True
Mo,0.015,0.01,33.33333333333333,True
V,0.0004,0.0004,0.0,True
Cu,0.044,0.041,6.8181818181818095,True
Co,0.0,0.0,,False
W,0.0,0.0,,False
O_ppm,426.0,426.0,0.0,True
Ti_ppm,39.0,39.0,0.0,True
N_ppm,82.0,82.0,0.0,True
Al_ppm,25.0,20.0,20.0,True
B_ppm,2.5,2.5,0.0,True
Nb_ppm,2.5,2.5,0.0,True
Sn_ppm,30.0,30.0,0.0,False
As_ppm,50.0,50.0,0.0,False
Sb_ppm,35.0,50.0,42.857142857142854,False
Current_A,170.0,170.0,0.0,True
Voltage_V,21.0,21.0,0.0,True
HeatInput_kJmm,1.0,1.0,0.0,True
InterpassT_C,200.0,200.0,0.0,True
PWHT_T_C,250.0,250.0,0.0,True
PWHT_time_h,2.0,2.0,0.0,True
