variable,y1,y2,y3,y5
Mn,0.10704859494516308,0.06575480515646417,0.05960459113297013,0.007738461664715743
PWHT_T_C,0.024884441315898127,0.012968888606754218,0.02174443151449549,0.004109004684149678
Si,0.033924055296783905,0.02108586087315472,0.01977091440425165,0.003952464567683822
O_ppm,0.01926039935581681,0.01895834065039732,0.018827715046553138,0.005700869555601768
PWHT_time_h,0.015005131534572886,0.011536260022037382,0.01657905836922958,0.002944821228480471
C,0.032821515380949476,0.017206570085608323,0.015587223002918493,0.0049216795356909785
P,0.016652185850295438,0.012964978310562059,0.015461898578511869,0.004735437584698521
HeatInput_kJmm,0.009935359434225912,0.00967700821172016,0.012784232566359272,0.0023462246816561144
N_ppm,0.032949587014298246,0.011495771198337303,0.01214530288547705,0.005975885031431099
S,0.011527055461526253,0.009419916678026658,0.011932250922573074,0.002352334181185528
Voltage_V,0.012081127483992265,0.004512666189605533,0.011839473954637825,0.006475680208964071
Ti_ppm,0.013698468527343216,0.011284642214320007,0.010252883977310678,0.004415552114176153
V,0.041220571685644816,0.0064847893193268665,0.009496346185970141,0.00490139264291718
Ni,0.03610295271458207,0.01739721280581063,0.008739639352832672,0.0007217349398201788
Cr,0.1123580456961923,0.020877780117530283,0.00749896275560144,0.0022281068990063686
Current_A,0.013348816652252288,0.00491383555960583,0.0074741026204492,0.001783378215270978
Nb_ppm,0.04637577425988545,0.007072954684873289,0.005868885953710213,0.0015824260009538154
Mo,0.09784503835955058,0.004540528450766412,0.0049197020416762586,0.003476815476657941
Al_ppm,0.007592129506740425,0.00883830205044147,0.00482892880199367,0.0023938115878684913
Cu,0.009322000226498206,0.0033898952869777727,0.0031504118380679706,0.0006136373407031242
InterpassT_C,0.007729050013591714,0.005241930177458885,0.002972308657517472,0.0008036808183046473
WeldType,0.0056406743141241295,0.005277379256235493,0.0025923284224256596,0.0012022623197883969
AC_DC,0.0015684065810429256,0.001064680963650992,0.0008177371959149429,0.0004471724955871642
B_ppm,0.0017454593968576162,0.004388312952728901,0.0002861157686578214,0.0023439873521577588
Electrode_pol,0.0018616112321166028,0.0008786315128876517,0.0002240547891946644,0.00011206799697245362
W,4.163336342344337e-18,1.3877787807814458e-18,3.4694469519536144e-19,0.0
Sb_ppm,3.469446951953614e-18,1.3877787807814458e-18,0.0,0.0
Sn_ppm,2.7755575615628915e-18,6.938893903907229e-19,0.0,0.0
As_ppm,4.8572257327350596e-18,6.938893903907229e-19,-3.4694469519536144e-19,0.0
Co,4.8572257327350596e-18,1.3877787807814458e-18,-3.4694469519536144e-19,0.0
