cible,pli,n_train,n_val,rmse_modele,rmse_reference,r2_modele
y1,1,479,120,0.14346483811620153,0.30337519637160354,0.7721717000582634
y1,2,479,120,0.15291756616132296,0.2929012153140536,0.7220669648478995
y1,3,479,120,0.14661701456056928,0.2784605914517806,0.7194595987803556
y1,4,479,120,0.13037914445574542,0.2943450038869909,0.7999031105621807
y1,5,480,119,0.13312033129087758,0.27977065032517145,0.7576088023942837
y2,1,431,108,0.0934679664624753,0.1502725320771428,0.6113329348170469
y2,2,431,108,0.09779040386935912,0.1470617143766912,0.5384293255340188
y2,3,431,108,0.11511427248583737,0.16092611309241467,0.48809271535418397
y2,4,431,108,0.10950782343050519,0.1480961383489674,0.4311940552715877
y2,5,432,107,0.09921448927470954,0.14417159858683012,0.5204876012429717
y3,1,421,106,0.08693013483703421,0.1297874239493494,0.5477539964927122
y3,2,421,106,0.06763890336607399,0.13014347162170872,0.7200031790754522
y3,3,422,105,0.08652156973168837,0.11962086519792167,0.4734190933387885
y3,4,422,105,0.07344080709267622,0.12456390585592668,0.6479865419236478
y3,5,422,105,0.0980038605411879,0.15468517639187246,0.5731186051629027
y5,1,547,137,0.19333887141789857,0.26309604656028956,0.4474700149269061
y5,2,547,137,0.1892523041187974,0.26011966735642367,0.4693876221534329
y5,3,547,137,0.18450379086772792,0.2587465444381654,0.4780744130535437
y5,4,547,137,0.17181514579482038,0.22743167152346092,0.4292548294294777
y5,5,548,136,0.178016374406312,0.22672642516889965,0.382430655959359
