variable,PC1,PC2,PC3,PC4,PC5,PC6,PC7,PC8,PC9,PC10,PC11,PC12,PC13,PC14,PC15,PC16,PC17,PC18,PC19,PC20,PC21,PC22
C,0.08575464677822826,8.666961161771477,5.887655399616501,2.501018397916285,8.757326075388718,5.037910772214579,1.4589336610483272,0.7334571418189154,0.14013549488380975,0.051680490924503414,23.097712266972184,2.6004119938398857,0.17499879585235142,0.37782269396823126,0.2702090115407193,31.132482374013804,1.1623919908049622,5.674931716827488,0.5318273214759851,0.5044332308614332,1.0298092190740582,0.12213614240756707
Si,6.59482952488772,0.0863179038866173,1.0706181388065539,6.0166221014293075,31.316292431298603,0.03642999379982605,0.2055832930844581,1.989854505474751e-05,0.11080879400764228,1.6749092323292347,0.06894941104872261,0.5161294538061144,0.17674523276022333,0.12101041628883591,1.218745321402088,2.06378389761597,43.9103531083865,2.040334020706361,1.5147101174692008,0.276388642371824,0.9543621913308437,0.026056874738225523
Mn,5.041556293173207,0.07176288460044557,6.553057504164247,0.004557191619087964,0.9084309823480279,13.5973561498234,1.064906538327056,2.5558786673952043,0.18461830195560516,0.5956575989781416,3.2287748099322653,0.9275495854334674,22.476164102983628,38.45097444489134,0.2622003202965917,0.01962456947381933,1.1084392288397436,2.3435749069674268,0.002902025076843012,0.0013372833899594247,0.3011677797190578,0.29950883061142547
S,0.9483054891046715,8.484622161571506,11.90147023443936,16.414006246210658,0.24419155089060407,5.2200621230967466,0.3167156901671644,0.6630022187310832,1.3462561316529085,1.5255801131419557,1.9498149520759516,0.006067303477994614,0.06289600942473042,0.262916335947714,0.41459656315927673,0.776448133683031,0.008953369365534645,0.005587241475357139,0.003945974402578051,35.23314560552164,14.101964681832868,0.10945187062666539
P,0.4882826903635124,6.3831588732033815,8.897696771968045,22.022608541843734,2.9436561765481857,9.936686877440302,0.35382140175542853,0.7578714104027069,0.03247618510158239,0.00808225313086335,0.58032145190037,0.5386006533014088,0.16957665525639576,0.014135139207458037,0.579040459659167,1.6133781466980432,2.8542891687647885e-07,1.4066781530294348,0.34102687518215385,35.59722258843252,7.328451299018352,0.007227111128035784
Ni,0.027485448235300938,0.6259489255598469,0.06153533691311316,12.81800269894951,0.4283779331023249,14.11663308664857,0.4641942715487341,5.742773477758529,45.29666222067093,5.534946194934432,3.391348895008951,0.04401604777563311,7.183988868805627,1.8787241219517044,0.3713246808942772,1.8143459489202267,0.12199946202540862,0.006342889380215289,0.04319594463611066,0.0067175653471620855,0.0033739460993242477,0.018062034834052682
Cr,14.125482869395894,6.773811808126813,2.0447743268828757,0.2599181742436548,2.4871700832102723,0.4731560045923048,0.016620585754753007,0.12640803204375178,0.06676949593715005,0.3932021174338386,0.08401119627892949,3.1344589459644823,0.10689852988344194,0.5706188298450986,6.223543507032974,0.9464653730592939,0.7417074418479092,0.007423267940557896,1.4494776044920312,0.8142824366277522,9.595710676345787,49.55808869306043
Mo,9.588025333409487,8.307349315975102,0.8667034674326094,0.020000149716863945,1.1073179368108303,1.4995456865888857,0.0014315920697211837,2.5861395124155075,1.665402115883951,0.06030033765009496,0.4006747858131445,1.2248826836831785,1.3441797818061503,6.102292378723464,0.13060108430604558,0.4166407730423436,0.31255063823486295,34.45017425395342,22.2139760983327,0.950964947892167,0.004863756549009091,6.745983369710531
V,1.7354931261048792,0.7016254840880641,1.8610947342679849,0.022977628449210367,0.029347554351356463,5.816909534563509,39.23155646354472,32.627619165703095,0.35830211186658584,1.3568077611464269,0.6823124132639783,7.18999882192986,1.3245282717010594,5.240360630902095,1.4842200343207732,0.04245720705064167,1.1330121739433586e-08,0.2200010500184338,0.027876818124928347,0.007609280474262588,0.028325643794377738,0.01057625300364269
Cu,0.3734993194363434,0.0005117394184958289,2.1430514159585625,6.2962205388450085,0.02196482403951737,26.318513480272703,6.341006406050301,4.210772210737418,25.939939787289067,4.238488672479184,9.381239012846459,0.0937051753908437,13.143895817052984,0.16118656926454433,0.004851650671683938,0.6228957245105129,0.1728426481992653,0.15195496070056258,0.059165135822269434,0.3143593345094698,6.378485939398403e-05,0.00987179164542553
O_ppm,3.7772794086395702,2.08713043470154,15.277795613733872,4.962392365392677,2.560796577555697,3.500199334177286,2.262652666598425,3.5809357881381523,0.01372942144213065,0.4628928779845631,8.598458645623364,0.015579823104524517,4.42995616059719,0.02469756988889359,1.3286596476667032,26.90696537299465,13.733009799556918,2.058175873376764,3.6842113755949897,0.6762111458082717,0.00022452649578640237,0.05804557092803172
Ti_ppm,2.2479703458290543,0.06277588155084339,7.864555792180607,1.7206240686671082,15.518992595996794,0.17810545759407378,7.603558256168085,11.009055042168162,9.741432133934277,11.655398187169027,2.40956225132266,9.256741168840502,0.0939316272089787,1.1682710467422421,9.979270238183965,0.42314844452650624,6.824065851101683,1.418616476116109,0.09666791846191645,0.3750774995670493,0.33668873253788073,0.015490984132493916
N_ppm,10.963720802860637,5.368278889203248,4.818740719757513,0.7443566896172054,0.4746919829664147,0.44350247089427847,0.568899475888234,0.053338834536094684,0.30937533731031985,0.4826931571793266,2.700022689213485,10.407613116604116,3.584421875690634,0.2211074737105573,13.112235308780177,1.3014061007954139,0.4052488305069055,1.4233453658466737,8.16495497821171,8.429607098711017,5.2368693203232635,20.785569481392805
Al_ppm,7.1265635970593255,2.4950162635945556,0.015303474122064741,9.656955540832822,8.337777851607587,0.00040573650344757347,2.2899168600284097,0.3852615907635913,6.077596743294307,5.100411301990972,6.665735818781007,5.854375172089674,0.03161896030980339,0.1406432219478232,0.32241850639912384,10.24602824263864,15.434873329060009,6.023761378959888,12.00484045450237,1.7867713810987333,0.002294662793648588,0.001429911622163029
B_ppm,0.31601185389924363,2.376214193826422,11.772500750241278,0.23200071793179708,12.97210771870617,1.4530131524210164,1.1618816218582158,5.06845514606409,0.0001603633653977299,4.321039051937424,1.6292733672383586,28.950558083457967,17.909040098279625,0.8393716107914966,4.322916093185908,2.012069481782072,0.8020884679217055,1.8908135925554557,0.08556261575529668,0.1245945081080479,0.36822630580685217,1.392101204866148
Nb_ppm,4.448842953185163,2.6141219720033537,6.844554513886833,0.17486880986912284,0.05838712858495309,2.83276919387415,0.28550547963062095,20.452382196913035,3.454128873507535,4.058265180835615,0.0017272923409120777,0.7416115646467899,8.434830707438751,24.954997474886987,12.475461325098406,1.007793957395909,0.15417640376905606,4.158912446315532,2.273009005365712,0.496212656432613,0.055688631246985754,0.021752232772007336
Current_A,8.632320692151737,12.180115350369665,1.3083504730979558,1.2768708802099042,2.8090429141371467,1.238303582661217,0.10948403446658553,0.23114805669764174,1.9051917790800583,0.3649832708984607,0.11093222021108225,0.00044682554952478264,0.7458007267252597,0.0010694642435064078,0.2866455026793911,1.1672297183185936,0.0022910916845542773,1.1690059317282229,12.778907136795803,9.143496147475771,32.76010684626006,11.778257354557834
Voltage_V,0.6031004999480342,13.311059528962923,0.010632795216940745,0.04757199689219272,4.906613467718253,5.217319033838946,1.2800600481450113,0.45176709493128553,0.08950906134661257,4.7668061443557015,19.873217261693153,0.08056577728931703,0.2904148816018818,3.5683507177340146,3.0356713186525757,1.8819933212722821,10.719051649350424,16.540428173365992,12.343874048110921,0.06939590082237204,0.8549920976979677,0.057605181053199096
HeatInput_kJmm,8.173148785980226,11.514022543807192,1.2346346627750981,0.3811975653878406,2.8162981889412775,1.954252816788216,0.011245813246811377,0.020695114280464524,0.6612452757822577,1.663344613943709,0.7424622621272245,0.006587012051739907,2.3057568220640667,0.00023270023042219767,3.512629790663345,0.0944289417860953,4.322836243776608,13.507854534761101,9.17021596928357,4.805781298743328,24.797674638093973,8.303454405485445
InterpassT_C,1.2030314270366085,2.4017713058875225,7.081210601014623,11.780038294732876,0.4235671047049407,0.5623931526643571,0.006472480619353563,2.3947194091016346,2.441520708658771,40.52252443696724,3.9029198758711643,1.0537509105632994,6.0361950249627565,1.3634696162152549,11.808949582058895,2.5439140453538176,0.04188246077731219,1.2109847345901472,1.1675782342410013,0.0741502472104659,1.7812389513846851,0.1977173953832487
PWHT_T_C,11.177358463533253,0.7264568097715313,2.4121708979935867,1.9123621160137179,0.45026666768174917,0.028143999143659584,5.880783193807989,0.9971884439171783,0.1635526695075563,0.36185699659804776,8.21115038399383,6.370099835383264,0.5084486666698685,11.462072645477694,24.41695058794428,12.795154789077623,0.001662528626941866,3.9929390000540037,7.123530255976829,0.30307634533096167,0.3835101515898354,0.3212645519065916
PWHT_time_h,2.3219364289877493,4.760966568119491,0.07189237552985529,0.7348292852294084,0.4273822534105582,0.5383883603986537,29.084770166191596,5.351111546937444,0.0011869935214565387,10.800130007991184,2.2893787364427283,20.98625004581639,9.46571238292459,3.07567489714069,4.438859465403666,0.17134543599068677,0.019575159404631663,0.29816003133093283,4.918544092685137,0.009164855263140936,0.07439215714596913,0.16034875413404562
