variable,PC1,PC2,PC3,PC4
C,-0.0581585083572668,0.5515464845239213,-0.33363053456321223,-0.1965060027093308
Si,-0.5100188349441966,0.05504262512804155,0.1422695304992072,-0.3047851095677449
Mn,-0.44593004918526546,-0.05018785554507045,-0.35197886721510774,-0.008388146814776587
S,-0.19340093094518263,0.5457138160255908,0.47434563353574777,0.503413288480023
P,-0.13877783002853952,0.4733327152426373,0.4101412024529596,0.5831117029589618
Ni,0.032925762407102495,-0.14822386884193947,-0.03410805001434572,0.44486430218654055
Cr,0.7464248326689737,0.48760175377407317,-0.19661529155930652,-0.06334840754006353
Mo,0.6149630393229517,0.5399828066302963,0.12800586443703918,-0.017572518188622557
V,0.2616350217285185,0.15692833720339214,-0.18757667788685356,-0.01883518886940382
Cu,-0.12137502586199725,0.0042381188473906515,-0.20128476046746344,0.31178652671648227
O_ppm,0.3859881604642815,0.2706596345672892,0.5374337644356088,-0.2767979874732431
Ti_ppm,-0.2977691608327937,-0.046940218373060213,-0.3855952706584497,0.1629897805379245
N_ppm,0.6576024336649401,0.4340764559050333,-0.3018292880157778,0.10720324365797473
Al_ppm,-0.5301814280811501,0.29592754143886424,0.017009424368507733,-0.38613351116528016
B_ppm,0.11164418684719332,0.2887962093085897,-0.4717685255275591,0.05984970892251354
Nb_ppm,0.4188976901608697,0.3029086108560061,-0.3597221605287966,-0.051960527972998216
Current_A,-0.5835098761911279,0.6538443815535426,-0.15727389685454263,-0.14040768197215647
Voltage_V,-0.1542336982388506,0.6835259519882005,0.014178109448385778,-0.02710148380158463
HeatInput_kJmm,-0.5677787450243676,0.6357146697413529,-0.15277905965450927,0.0767171458693415
InterpassT_C,-0.21783261967498338,0.2903451137122826,0.36588815922323026,-0.4264722027132488
PWHT_T_C,0.6639785011499489,0.15968112922827193,0.21354953816659872,-0.17183136655837597
PWHT_time_h,0.30262833654929827,-0.40878623318971785,-0.03686684871969963,-0.10651495939254198
