axe,variance_expliquee_pct,variance_cumulee_pct
PC1,17.92859163491033,17.92859163491033
PC2,15.954188184125421,33.88277981903575
PC3,8.593429506157529,42.476209325193274
PC4,7.017979180177752,49.49418850537103
PC5,5.9051279692690555,55.39931647464008
PC6,5.354706517878091,60.75402299251817
PC7,4.392610092872441,65.14663308539062
PC8,4.156144538589982,69.30277762398059
PC9,4.052337409012168,73.35511503299276
PC10,3.7601668904981427,77.1152819234909
PC11,3.4397527135909134,80.55503463708182
PC12,3.3763334051554366,83.93136804223725
PC13,3.254660887545701,87.18602892978295
PC14,3.0379250238923667,90.22395395367532
PC15,2.006731123262272,92.23068507693759
PC16,1.7890526702606646,94.01973774719825
PC17,1.7342905489187224,95.75402829611697
PC18,1.3848961862085731,97.13892448232555
PC19,1.3248234565893542,98.4637479389149
PC20,0.6392988502487278,99.10304678916363
PC21,0.527082726116585,99.63012951528022
PC22,0.3698704847197526,99.99999999999997
