variable,propre,manquant,censure,intervalle,total_retenu,unite_retiree,non_interprete
C,1652,0,0,0,0,0,0
Si,1652,0,0,0,0,0,0
Mn,1652,0,0,0,0,0,0
S,1641,4,7,0,0,0,0
P,1642,10,0,0,0,0,0
Ni,697,955,0,0,0,0,0
Cr,784,868,0,0,0,0,0
Mo,791,859,2,0,0,0,0
V,620,724,308,0,0,0,0
Cu,564,1074,14,0,0,0,0
Co,108,1523,21,0,0,0,0
W,63,1577,12,0,0,0,0
O_ppm,1256,396,0,0,0,0,0
Ti_ppm,865,717,70,0,0,0,0
N_ppm,1183,410,0,0,59,0,0
Al_ppm,502,747,403,0,0,0,0
B_ppm,85,1148,419,0,0,0,0
Nb_ppm,453,900,299,0,0,0,0
Sn_ppm,291,1356,5,0,0,0,0
As_ppm,226,1418,8,0,0,0,0
Sb_ppm,254,1392,6,0,0,0,0
Current_A,1404,248,0,0,0,0,0
Voltage_V,1404,248,0,0,0,0,0
AC_DC,1437,215,0,0,0,0,0
Electrode_pol,1496,156,0,0,0,0,0
HeatInput_kJmm,1652,0,0,0,0,0,0
InterpassT_C,1614,0,0,38,0,0,0
WeldType,1652,0,0,0,0,0,0
PWHT_T_C,1639,13,0,0,0,0,0
PWHT_time_h,1639,13,0,0,0,0,0
YieldStrength_MPa,780,872,0,0,0,0,0
UTS_MPa,738,914,0,0,0,0,0
Elongation_pct,700,952,0,0,0,0,0
ReductionArea_pct,705,947,0,0,0,0,0
CharpyT_C,879,773,0,0,0,0,0
CharpyToughness_J,879,773,0,0,0,0,0
Hardness,80,1514,0,0,0,58,0
FATT50,31,1621,0,0,0,0,0
PrimaryFerrite_pct,96,1554,2,0,0,0,0
FerriteSecondPhase_pct,90,1562,0,0,0,0,0
AcicularFerrite_pct,90,1562,0,0,0,0,0
Martensite_pct,89,1563,0,0,0,0,0
FerriteCarbide_pct,89,1563,0,0,0,0,0
WeldID,1652,0,0,0,0,0,0
