k,inertie,silhouette,davies_bouldin,stabilite_ARI,plus_petit_groupe
2,24639.860805957534,0.27964579668094086,1.9919052621828437,0.9837576941619627,263
3,21418.38917901669,0.26723717480861764,1.7596156617184775,0.884831586228959,197
4,19121.72707959835,0.27820232782596727,1.3502075555798811,0.7667734083606975,10
5,17413.80117575244,0.2489712840017059,1.3346208493286604,0.8081289085605687,10
6,16105.078318505817,0.20433611099014204,1.5393870551279092,0.8091799562129051,10
7,14956.059277772361,0.2133497817316873,1.344759481658463,0.8186516019028164,6
8,13961.055472524553,0.224078378317131,1.3543541933291623,0.7482589493420282,6
9,13070.303993258134,0.18810520592037516,1.3199407485058308,0.6511885506537118,6
10,12254.253400099784,0.30879685191740047,1.101101171959526,0.7171811566734997,6
11,11521.146514377715,0.2146366797936903,1.19019968925057,0.713098692222732,6
12,10728.404947063715,0.2264654967656432,1.2026989891944548,0.6795550565753101,6
