k (1 = moyenne constante),mean,std
1,0.14946219084172824,0.01689142381893486
2,0.14781921581892038,0.016543152127577995
3,0.1467620061399182,0.015081558519267537
4,0.1469413931849016,0.014553377810457565
5,0.14690880266004078,0.014945163422149146
6,0.14177791959482064,0.015640707128863597
8,0.14355952022733606,0.014840272594966966
10,0.145978305184914,0.0164888619906544
15,0.13563998596779836,0.01177707163784429
20,0.13109855847246843,0.012603178418230342
30,0.1307581354327607,0.009494145273057461
