variable,Groupe 0,Groupe 1,Groupe 2,Groupe 3
C,0.089,0.084,0.062,0.073
Si,0.31,0.25,0.24,0.33
Mn,1.43,0.98,1.24,1.33
S,0.014,0.008,0.14,0.007
P,0.0175,0.012,0.25,0.008
Ni,0.058499999999999996,0.17,0.22,0.0
Cr,0.05,2.4,2.17,0.0
Mo,0.02,1.03,0.98,0.0
V,0.009,0.21,0.18,0.00025
Cu,0.12,0.02,,0.0
O_ppm,415.0,556.0,408.0,422.0
Ti_ppm,50.0,31.0,,39.0
N_ppm,81.0,165.0,269.0,78.0
Al_ppm,180.0,50.0,,2.5
B_ppm,13.0,5.0,,2.5
Nb_ppm,50.0,450.0,,2.5
Current_A,650.0,290.0,290.0,170.0
Voltage_V,33.0,30.0,29.0,21.0
HeatInput_kJmm,3.6,1.75,2.0,1.0
InterpassT_C,250.0,177.0,150.0,200.0
PWHT_T_C,0.0,690.0,690.0,250.0
PWHT_time_h,0.0,8.0,10.0,2.0
