modele,f1_macro,exactitude,exactitude_equilibree,ecart_type_f1,erreurs_graves,taux_graves,configurations,parametres
Forêt aleatoire,0.6273719758907831,0.6348771929824562,0.6415337200877507,0.03826917682979897,19,0.036053130929791274,51,"{'max_depth': 12, 'max_features': 0.25, 'min_samples_leaf': 1, 'n_estimators': 100}"
Bagging,0.6272044343269384,0.6327777777777778,0.6438415119309497,0.034278475415776735,19,0.036053130929791274,18,"{'estimator__min_samples_leaf': 1, 'max_samples': 1.0, 'n_estimators': 100}"
Arbre,0.6121795770953298,0.6207602339181287,0.6219908600682551,0.034068396493695925,30,0.056925996204933584,160,"{'criterion': 'entropy', 'max_depth': 20, 'min_samples_leaf': 2, 'min_samples_split': 2}"
SVM,0.6119379161107588,0.6228070175438596,0.6273930369709448,0.04981837704394187,26,0.04933586337760911,32,"{'C': 100, 'gamma': 0.1, 'kernel': 'poly'}"
Boosting,0.6088467838813154,0.6162631578947368,0.6192197088876574,0.030539803770926688,20,0.03795066413662239,18,"{'learning_rate': 0.1, 'max_iter': 400, 'max_leaf_nodes': 31, 'min_samples_leaf': 5}"
k plus proches voisins,0.5911254005282814,0.5959181286549707,0.5986281238831019,0.06242515337914342,37,0.07020872865275142,108,"{'n_neighbors': 3, 'p': 1, 'preparation__n_axes': 8, 'weights': 'distance'}"
Regression logistique,0.5583163314986039,0.5743157894736841,0.5719826469423739,0.03506529883593222,40,0.07590132827324478,13,{'C': 100.0}
Bayesien naif,0.4653666490057846,0.49419883040935675,0.4864370358092387,0.04395372214791533,90,0.17077798861480076,9,{'var_smoothing': 0.01}
Reference,0.16683565639441716,0.33564912280701753,0.3333333333333333,0.0190615005111423,143,0.2713472485768501,1,{}
