learning_rate,max_iter,exactitude,exactitude_equilibree,f1_macro,ecart_type_f1,erreurs_graves,taux_graves
0.05,400,0.6349298245614035,0.6363987307724506,0.6350846054082069,0.03205052365955615,12,0.022770398481973434
0.1,200,0.6309298245614035,0.6347982175861155,0.6321095804875467,0.022264253382792504,13,0.024667931688804556
0.03,400,0.6282456140350877,0.6279088553194889,0.6291654597846025,0.02870768743161287,12,0.022770398481973434
0.3,200,0.6269649122807017,0.62538755106996,0.6276525150372464,0.02111331796100856,11,0.020872865275142316
0.1,100,0.6255614035087719,0.62724920001013,0.6257961098516793,0.02088359405338397,13,0.024667931688804556
0.3,100,0.6256140350877193,0.620961512299532,0.6241081610126005,0.018502208926949135,12,0.022770398481973434
0.1,400,0.6202631578947368,0.6223468133937657,0.6213254368781731,0.029044163683799407,10,0.018975332068311195
0.3,400,0.6176315789473684,0.6173048810027295,0.6186512985099417,0.027120098053358722,10,0.018975332068311195
0.05,200,0.6149473684210527,0.6169923004830442,0.6161305965812388,0.01734597630229289,12,0.022770398481973434
0.03,100,0.6123859649122807,0.6145635371667536,0.614539212930755,0.019737360357800618,11,0.020872865275142316
0.05,100,0.6110526315789474,0.6111200715738503,0.6121875319097133,0.024026644951301156,11,0.020872865275142316
0.03,200,0.6070350877192983,0.6056166936288924,0.6067064588138977,0.020728656171484106,12,0.022770398481973434
