approche,f1_macro,exactitude,exactitude_equilibree,erreurs_graves,taux_graves
seuillage d'une regression reglee,0.6398619004070035,0.640280701754386,0.6441661704642117,11.0,0.020872865275142316
"classification, Forêt aleatoire",0.6273719758907831,0.6348771929824562,0.6415337200877507,19.0,0.036053130929791274
"classification, Bagging",0.6272044343269384,0.6327777777777778,0.6438415119309497,19.0,0.036053130929791274
"ordinal emboite, Forêt aleatoire",0.624839735586254,0.636280701754386,0.640915619531037,18.0,0.03415559772296015
"classification, Arbre",0.6121795770953298,0.6207602339181287,0.6219908600682551,30.0,0.056925996204933584
"classification, SVM",0.6119379161107588,0.6228070175438596,0.6273930369709448,26.0,0.04933586337760911
"classification, Boosting",0.6088467838813154,0.6162631578947368,0.6192197088876574,20.0,0.03795066413662239
"classification, k plus proches voisins",0.5911254005282814,0.5959181286549707,0.5986281238831019,37.0,0.07020872865275142
"ordinal emboite, Boosting",0.5758880808850668,0.5778421052631579,0.5826973371623771,15.0,0.028462998102466792
"classification, Regression logistique",0.5583163314986039,0.5743157894736841,0.5719826469423739,40.0,0.07590132827324478
"ordinal emboite, Regression logistique",0.5524587199372346,0.5657017543859648,0.5643713830398466,39.0,0.07400379506641366
"classification, Bayesien naif",0.4653666490057846,0.49419883040935675,0.4864370358092387,90.0,0.17077798861480076
"classification, Reference",0.16683565639441716,0.33564912280701753,0.3333333333333333,143.0,0.2713472485768501
