propriete,modele,RMSE,unite,R2,gain,ecart_type_RMSE,RMSE_apprentissage,parametres
limite d'elasticite,Moyenne constante,92.78894789155507,MPa,-0.009564022766287516,0.0,6.700102558134031,92.8153286520477,{}
limite d'elasticite,Arbre,59.249270427394116,MPa,0.576703064560151,0.3614619868667944,10.255387779933608,38.23631704804864,"{'max_depth': 8, 'min_samples_leaf': 2, 'min_samples_split': 10}"
limite d'elasticite,Boosting classique,39.98323331239517,MPa,0.8057142396166025,0.5690948736790868,8.197497802784516,8.440125530557973,"{'learning_rate': 0.1, 'max_depth': 3, 'min_samples_leaf': 5, 'n_estimators': 500, 'subsample': 1.0}"
limite d'elasticite,Boosting histogramme,39.31761156367189,MPa,0.8128376853199952,0.5762683761688576,7.893135116315071,6.5059655508150245,"{'l2_regularization': 0.0, 'learning_rate': 0.1, 'max_iter': 500, 'max_leaf_nodes': 7, 'min_samples_leaf': 5}"
limite d'elasticite,Regression lineaire,64.40398922632194,MPa,0.5057642177737736,0.3059088319269164,7.460658544452393,54.47912577730873,{'preparation__indicateurs': True}
limite d'elasticite,Ridge,63.43071239675089,MPa,0.517026084857874,0.31639797801259617,6.475683349286459,58.284770708279325,"{'alpha': 31.622776601683793, 'preparation__indicateurs': True}"
limite d'elasticite,Lasso,64.01789772388882,MPa,0.5107644435637271,0.31006979625732733,8.358145227040204,54.955560839387076,"{'alpha': 0.1, 'preparation__indicateurs': True}"
limite d'elasticite,Lineaire apres ACP,66.65458633063818,MPa,0.4671430240397956,0.2816538192830984,7.48056960531726,61.433597817210284,{'preparation__n_axes': 20}
limite d'elasticite,k plus proches voisins,52.896331946409006,MPa,0.6599118652072116,0.429928529761644,7.681289325110463,2.756630936718607,"{'n_neighbors': 3, 'p': 1, 'preparation__n_axes': None, 'weights': 'distance'}"
limite d'elasticite,Bagging,47.324433940501756,MPa,0.7270446507261717,0.48997768574969625,10.851612214605005,16.004179649528037,"{'estimator__min_samples_leaf': 1, 'max_samples': 1.0, 'n_estimators': 500}"
limite d'elasticite,Forêt aleatoire,46.320646122285154,MPa,0.7388856473657149,0.5007956532019164,10.434814516783998,15.792442148443346,"{'max_depth': 20, 'max_features': 0.75, 'min_samples_leaf': 1, 'n_estimators': 250}"
resistance a la traction,Moyenne constante,90.01839836177393,MPa,-0.025311790686042324,0.0,5.876046951196406,89.8155374361324,{}
resistance a la traction,Arbre,53.83231805969317,MPa,0.6304097745680052,0.40198538255094174,5.644214377798404,29.097946757151135,"{'max_depth': 20, 'min_samples_leaf': 5, 'min_samples_split': 5}"
resistance a la traction,Boosting classique,37.1715599043861,MPa,0.8252609912162285,0.5870670820536293,5.582180011744949,11.926794873151572,"{'learning_rate': 0.1, 'max_depth': 2, 'min_samples_leaf': 5, 'n_estimators': 500, 'subsample': 0.8}"
resistance a la traction,Boosting histogramme,37.070818133485076,MPa,0.8248179104444449,0.5881862062852798,5.480308864413941,5.844021172478754,"{'l2_regularization': 1.0, 'learning_rate': 0.1, 'max_iter': 500, 'max_leaf_nodes': 7, 'min_samples_leaf': 5}"
resistance a la traction,Regression lineaire,50.12229509771055,MPa,0.679687381369229,0.4431994346725142,5.624685802444729,41.41543882367377,{'preparation__indicateurs': True}
resistance a la traction,Ridge,49.08311913790392,MPa,0.6934163393524657,0.45474347432127904,4.303224433926754,42.27661796434271,"{'alpha': 1.0, 'preparation__indicateurs': True}"
resistance a la traction,Lasso,49.2039851885064,MPa,0.6926029539415068,0.4534007926828352,4.485706946735604,41.674814424851036,"{'alpha': 0.046415888336127774, 'preparation__indicateurs': True}"
resistance a la traction,Lineaire apres ACP,55.20624362608644,MPa,0.60748259830798,0.38672266302474423,3.382651353645979,48.605667572407334,{'preparation__n_axes': 20}
resistance a la traction,k plus proches voisins,48.304892084090724,MPa,0.7032407804887411,0.46338867428013175,6.3628004194055965,2.110222551809433,"{'n_neighbors': 2, 'p': 1, 'preparation__n_axes': None, 'weights': 'distance'}"
resistance a la traction,Bagging,44.042372089257526,MPa,0.7528176304256142,0.5107403276355115,4.9754203930110705,14.354289725140777,"{'estimator__min_samples_leaf': 1, 'max_samples': 1.0, 'n_estimators': 50}"
resistance a la traction,Forêt aleatoire,43.65496017276075,MPa,0.7587323600967697,0.515044024696859,6.275698170278989,13.736129012068053,"{'max_depth': None, 'max_features': 0.5, 'min_samples_leaf': 1, 'n_estimators': 250}"
allongement,Moyenne constante,5.093315781174459,%,-0.01039670072869332,0.0,0.24544427402298055,5.088987619946626,{}
allongement,Arbre,3.516377020192567,%,0.5097168106760422,0.3096094624272969,0.22001335743937558,1.7202981504199488,"{'max_depth': 8, 'min_samples_leaf': 1, 'min_samples_split': 2}"
allongement,Boosting classique,2.566262638580566,%,0.7373214051081691,0.49615088699864285,0.26975206689512665,1.0786353629302554,"{'learning_rate': 0.05, 'max_depth': 3, 'min_samples_leaf': 5, 'n_estimators': 500, 'subsample': 0.8}"
allongement,Boosting histogramme,2.5572375281790864,%,0.7358394967237987,0.4979228388644269,0.34375275706580954,0.6125524907545674,"{'l2_regularization': 0.0, 'learning_rate': 0.1, 'max_iter': 500, 'max_leaf_nodes': 7, 'min_samples_leaf': 5}"
allongement,Regression lineaire,3.50753933390601,%,0.5096525377850807,0.3113446162379485,0.2160480024105103,2.790780509126425,{'preparation__indicateurs': True}
allongement,Ridge,3.4730725492520875,%,0.5170280130783148,0.3181116784297954,0.2726748949351411,2.810007553535386,"{'alpha': 0.31622776601683794, 'preparation__indicateurs': True}"
allongement,Lasso,3.459118399234309,%,0.5311130943618892,0.3208513770106992,0.1342985004418881,3.051722871240394,"{'alpha': 0.046415888336127774, 'preparation__indicateurs': True}"
allongement,Lineaire apres ACP,3.7119981426223987,%,0.4569237198350657,0.27120204163613526,0.26660799206566826,3.298714680376883,{'preparation__n_axes': 20}
allongement,k plus proches voisins,2.8060545899329195,%,0.6841901715650368,0.4490711531563676,0.3988042138488522,0.2697276139224079,"{'n_neighbors': 3, 'p': 1, 'preparation__n_axes': None, 'weights': 'distance'}"
allongement,Bagging,2.733810825661286,%,0.7026797990817546,0.46325518716789604,0.25544305110367954,1.0203072079586244,"{'estimator__min_samples_leaf': 1, 'max_samples': 1.0, 'n_estimators': 250}"
allongement,Forêt aleatoire,2.7040001612599593,%,0.7088867747664338,0.46910808647398483,0.2599101247022443,1.0000894340825655,"{'max_depth': 20, 'max_features': 0.5, 'min_samples_leaf': 1, 'n_estimators': 500}"
striction,Moyenne constante,9.586318869585117,%,-0.005201875873201489,0.0,0.9764271138916902,9.624323042583347,{}
striction,Arbre,6.394017018361335,%,0.5526958876771849,0.3330060156200437,1.6037398662238547,3.685232361463774,"{'max_depth': 20, 'min_samples_leaf': 1, 'min_samples_split': 20}"
striction,Boosting classique,5.586851904762017,%,0.658115260372608,0.41720570943163215,1.3995600398416996,1.7956592389538195,"{'learning_rate': 0.05, 'max_depth': 3, 'min_samples_leaf': 5, 'n_estimators': 500, 'subsample': 0.8}"
striction,Boosting histogramme,5.696063813014989,%,0.6446859257121091,0.40581323336874287,1.1792964599195344,1.7383869504000138,"{'l2_regularization': 1.0, 'learning_rate': 0.1, 'max_iter': 200, 'max_leaf_nodes': 7, 'min_samples_leaf': 5}"
striction,Regression lineaire,5.510967851981631,%,0.6651134703617215,0.42512157930960437,1.4811375574009746,4.654731092344408,{'preparation__indicateurs': True}
striction,Ridge,5.307831755246864,%,0.690080313802867,0.4463117879286045,1.420113125164589,4.7585432920716375,"{'alpha': 1.0, 'preparation__indicateurs': True}"
striction,Lasso,5.3543293613078475,%,0.6842347877374774,0.4414613748875249,1.4431174148067156,4.730705060814099,"{'alpha': 0.01, 'preparation__indicateurs': True}"
striction,Lineaire apres ACP,6.088577634685956,%,0.5947240505288954,0.36486802520168393,1.0606269030632394,5.309138838090826,{'preparation__n_axes': 18}
striction,k plus proches voisins,5.353025538127266,%,0.6834238029788728,0.44159738363064305,1.5470183818760064,0.3532134254817134,"{'n_neighbors': 7, 'p': 1, 'preparation__n_axes': None, 'weights': 'distance'}"
striction,Bagging,5.355262228942023,%,0.6868465526931138,0.44136406249401217,1.594532634535956,2.496409659748287,"{'estimator__min_samples_leaf': 1, 'max_samples': 0.8, 'n_estimators': 100}"
striction,Forêt aleatoire,5.2378383124566925,%,0.6996521885969094,0.45361317689160296,1.648972899974407,2.222972143068161,"{'max_depth': 20, 'max_features': 0.5, 'min_samples_leaf': 1, 'n_estimators': 50}"
