modele,RMSE,source,R2,gain
Boosting histogramme,0.08011819939932698,ce notebook,0.6121401794499518,0.39193915544757074
Forêt aleatoire,0.08166584796609325,notebook 09,,0.3801932038206779
Boosting classique,0.08296867215859206,ce notebook,0.5847734559817762,0.3703053583032607
Bagging,0.08305505996805106,notebook 09,,0.3696497139581244
k plus proches voisins,0.09043048532383183,notebook 09,,0.31367357614683045
Ridge,0.09790386367820163,notebook 09,,0.2569540194432619
Lasso,0.09852299925863468,notebook 09,,0.25225506082021343
Lineaire apres ACP,0.10228113628014449,notebook 09,,0.22373250304463022
Arbre,0.102456935609669,notebook 09,,0.22239826576041932
Regression lineaire,0.10411970157783794,notebook 09,,0.2097786251983732
Moyenne constante,0.13176016860335577,notebook 09,,0.0
