modele,allongement,limite d'elasticite,resistance a la traction,striction,moyenne
Boosting classique,0.49615088699864285,0.5690948736790868,0.5870670820536293,0.41720570943163215,0.5173796380407478
Boosting histogramme,0.4979228388644269,0.5762683761688576,0.5881862062852798,0.40581323336874287,0.5170476636718268
Forêt aleatoire,0.46910808647398483,0.5007956532019164,0.515044024696859,0.45361317689160296,0.4846402353160908
Bagging,0.46325518716789604,0.48997768574969625,0.5107403276355115,0.44136406249401217,0.476334315761779
k plus proches voisins,0.4490711531563676,0.429928529761644,0.46338867428013175,0.44159738363064305,0.44599643520719656
Ridge,0.3181116784297954,0.31639797801259617,0.45474347432127904,0.4463117879286045,0.38389122967306877
Lasso,0.3208513770106992,0.31006979625732733,0.4534007926828352,0.4414613748875249,0.38144583520959663
Regression lineaire,0.3113446162379485,0.3059088319269164,0.4431994346725142,0.42512157930960437,0.3713936155367459
Arbre,0.3096094624272969,0.3614619868667944,0.40198538255094174,0.3330060156200437,0.3515157118662692
Lineaire apres ACP,0.27120204163613526,0.2816538192830984,0.38672266302474423,0.36486802520168393,0.32611163728641546
Moyenne constante,0.0,0.0,0.0,0.0,0.0
