variable,d,RSS,R2,R2_ajuste,Cp,AIC,BIC,sous_ensemble
Mn,1,5.2789113963359,0.18472200088324608,0.18316909040873808,0.010040102777377899,0.010040102777377899,0.010089587596645024,['Mn']
HeatInput_kJmm,2,4.272234170500155,0.34019378906393705,0.3376754447473872,0.008153092419705237,0.008153092419705237,0.008252062058239489,"['Mn', 'HeatInput_kJmm']"
PWHT_T_C,3,4.070995868776828,0.3712731438128206,0.36766668001059977,0.007794429166610217,0.007794429166610217,0.007942883624411598,"['Mn', 'HeatInput_kJmm', 'PWHT_T_C']"
WeldType_GTAA,4,3.885888927221613,0.39986116236499925,0.3952623973256506,0.0074663757051055425,0.0074663757051055425,0.00766431498217405,"['Mn', 'HeatInput_kJmm', 'PWHT_T_C', 'WeldType_GTAA']"
Ti_ppm,5,3.769052224849438,0.4179054873747925,0.41231916767589416,0.007267867289488992,0.007267867289488992,0.007515291385824624,"['Mn', 'HeatInput_kJmm', 'PWHT_T_C', 'WeldType_GTAA', 'Ti_ppm']"
Cr,6,3.6853703818691486,0.4308293575414195,0.4242620039745897,0.007132271320536359,0.007132271320536359,0.007429180236139118,"['Mn', 'HeatInput_kJmm', 'PWHT_T_C', 'WeldType_GTAA', 'Ti_ppm', 'Cr']"
PWHT_time_h,7,3.594760634823634,0.4448231770480353,0.43733524301978155,0.006983529423566221,0.006983529423566221,0.007329923158436108,"['Mn', 'HeatInput_kJmm', 'PWHT_T_C', 'WeldType_GTAA', 'Ti_ppm', 'Cr', 'PWHT_time_h']"
WeldType_SAA,8,3.5280010116538163,0.4551335702168724,0.44671864466037625,0.0068800439286372545,0.0068800439286372545,0.007275922482774267,"['Mn', 'HeatInput_kJmm', 'PWHT_T_C', 'WeldType_GTAA', 'Ti_ppm', 'Cr', 'PWHT_time_h', 'WeldType_SAA']"
WeldType_GMAA,9,3.4637813247230316,0.46505169422652626,0.4557392478977811,0.006781378047065086,0.006781378047065086,0.0072267414204692255,"['Mn', 'HeatInput_kJmm', 'PWHT_T_C', 'WeldType_GTAA', 'Ti_ppm', 'Cr', 'PWHT_time_h', 'WeldType_SAA', 'WeldType_GMAA']"
Mo,10,3.3967741708248997,0.4754003161781081,0.46523365563892416,0.006677422854359431,0.006677422854359431,0.007172271047030699,"['Mn', 'HeatInput_kJmm', 'PWHT_T_C', 'WeldType_GTAA', 'Ti_ppm', 'Cr', 'PWHT_time_h', 'WeldType_SAA', 'WeldType_GMAA', 'Mo']"
S,11,3.3486297766593864,0.48283576307179765,0.471789536651972,0.006609260374618898,0.006609260374618898,0.007153593386557291,"['Mn', 'HeatInput_kJmm', 'PWHT_T_C', 'WeldType_GTAA', 'Ti_ppm', 'Cr', 'PWHT_time_h', 'WeldType_SAA', 'WeldType_GMAA', 'Mo', 'S']"
Si,12,3.3013642508628966,0.4901354770479235,0.4782320251502097,0.0065427655767930195,0.0065427655767930195,0.00713658340799854,"['Mn', 'HeatInput_kJmm', 'PWHT_T_C', 'WeldType_GTAA', 'Ti_ppm', 'Cr', 'PWHT_time_h', 'WeldType_SAA', 'WeldType_GMAA', 'Mo', 'S', 'Si']"
C,13,3.269363352604646,0.4950777134946338,0.48228241188728527,0.00650523591661086,0.00650523591661086,0.007148538567083506,"['Mn', 'HeatInput_kJmm', 'PWHT_T_C', 'WeldType_GTAA', 'Ti_ppm', 'Cr', 'PWHT_time_h', 'WeldType_SAA', 'WeldType_GMAA', 'Mo', 'S', 'Si', 'C']"
Current_A,14,3.2398276457302426,0.4996392244189839,0.4859574844616905,0.006472384038940743,0.006472384038940743,0.007165171508680516,"['Mn', 'HeatInput_kJmm', 'PWHT_T_C', 'WeldType_GTAA', 'Ti_ppm', 'Cr', 'PWHT_time_h', 'WeldType_SAA', 'WeldType_GMAA', 'Mo', 'S', 'Si', 'C', 'Current_A']"
WeldType_SA,15,3.2034936400242877,0.5052506683792687,0.4907276938698538,0.006426632163487796,0.006426632163487796,0.007168904452494696,"['Mn', 'HeatInput_kJmm', 'PWHT_T_C', 'WeldType_GTAA', 'Ti_ppm', 'Cr', 'PWHT_time_h', 'WeldType_SAA', 'WeldType_GMAA', 'Mo', 'S', 'Si', 'C', 'Current_A', 'WeldType_SA']"
B_ppm,16,3.1737740622215926,0.5098405764315981,0.49446302588827573,0.006393431384625476,0.006393431384625476,0.007185188492899503,"['Mn', 'HeatInput_kJmm', 'PWHT_T_C', 'WeldType_GTAA', 'Ti_ppm', 'Cr', 'PWHT_time_h', 'WeldType_SAA', 'WeldType_GMAA', 'Mo', 'S', 'Si', 'C', 'Current_A', 'WeldType_SA', 'B_ppm']"
Ni,17,3.1466734057937327,0.5140260168166351,0.4977950586356583,0.0063652000960379845,0.0063652000960379845,0.007206442023579137,"['Mn', 'HeatInput_kJmm', 'PWHT_T_C', 'WeldType_GTAA', 'Ti_ppm', 'Cr', 'PWHT_time_h', 'WeldType_SAA', 'WeldType_GMAA', 'Mo', 'S', 'Si', 'C', 'Current_A', 'WeldType_SA', 'B_ppm', 'Ni']"
AC_DC_manquant,18,3.1152857367804323,0.5188735457991948,0.5018257580519221,0.006328834058711517,0.006328834058711517,0.0072195608055197966,"['Mn', 'HeatInput_kJmm', 'PWHT_T_C', 'WeldType_GTAA', 'Ti_ppm', 'Cr', 'PWHT_time_h', 'WeldType_SAA', 'WeldType_GMAA', 'Mo', 'S', 'Si', 'C', 'Current_A', 'WeldType_SA', 'B_ppm', 'Ni', 'AC_DC_manquant']"
Al_ppm,19,3.0797857879574435,0.5243561775526359,0.5065312611295592,0.006284664833890385,0.006284664833890385,0.007224876399965791,"['Mn', 'HeatInput_kJmm', 'PWHT_T_C', 'WeldType_GTAA', 'Ti_ppm', 'Cr', 'PWHT_time_h', 'WeldType_SAA', 'WeldType_GMAA', 'Mo', 'S', 'Si', 'C', 'Current_A', 'WeldType_SA', 'B_ppm', 'Ni', 'AC_DC_manquant', 'Al_ppm']"
AC_DC_DC,20,3.0699457958099914,0.5258758713885407,0.5071357872537005,0.006289186228946931,0.006289186228946931,0.007278882614289464,"['Mn', 'HeatInput_kJmm', 'PWHT_T_C', 'WeldType_GTAA', 'Ti_ppm', 'Cr', 'PWHT_time_h', 'WeldType_SAA', 'WeldType_GMAA', 'Mo', 'S', 'Si', 'C', 'Current_A', 'WeldType_SA', 'B_ppm', 'Ni', 'AC_DC_manquant', 'Al_ppm', 'AC_DC_DC']"
WeldType_ShMA,21,3.0593429811606434,0.5275133759540325,0.5078654173303387,0.0062922601429752124,0.0062922601429752124,0.0073314413475848725,"['Mn', 'HeatInput_kJmm', 'PWHT_T_C', 'WeldType_GTAA', 'Ti_ppm', 'Cr', 'PWHT_time_h', 'WeldType_SAA', 'WeldType_GMAA', 'Mo', 'S', 'Si', 'C', 'Current_A', 'WeldType_SA', 'B_ppm', 'Ni', 'AC_DC_manquant', 'Al_ppm', 'AC_DC_DC', 'WeldType_ShMA']"
Electrode_pol_-,22,3.048411659765245,0.5292016152832866,0.5086508921408904,0.006294710704544195,0.006294710704544195,0.007383376728420981,"['Mn', 'HeatInput_kJmm', 'PWHT_T_C', 'WeldType_GTAA', 'Ti_ppm', 'Cr', 'PWHT_time_h', 'WeldType_SAA', 'WeldType_GMAA', 'Mo', 'S', 'Si', 'C', 'Current_A', 'WeldType_SA', 'B_ppm', 'Ni', 'AC_DC_manquant', 'Al_ppm', 'AC_DC_DC', 'WeldType_ShMA', 'Electrode_pol_-']"
Cu,23,3.031431407513557,0.5318240548434321,0.5104164072517798,0.006285683218947543,0.006285683218947543,0.007423834062091455,"['Mn', 'HeatInput_kJmm', 'PWHT_T_C', 'WeldType_GTAA', 'Ti_ppm', 'Cr', 'PWHT_time_h', 'WeldType_SAA', 'WeldType_GMAA', 'Mo', 'S', 'Si', 'C', 'Current_A', 'WeldType_SA', 'B_ppm', 'Ni', 'AC_DC_manquant', 'Al_ppm', 'AC_DC_DC', 'WeldType_ShMA', 'Electrode_pol_-', 'Cu']"
WeldType_MMA,24,3.02108671422238,0.5334216950034396,0.5111151624936439,0.006289246926824344,0.006289246926824344,0.007476882589235384,"['Mn', 'HeatInput_kJmm', 'PWHT_T_C', 'WeldType_GTAA', 'Ti_ppm', 'Cr', 'PWHT_time_h', 'WeldType_SAA', 'WeldType_GMAA', 'Mo', 'S', 'Si', 'C', 'Current_A', 'WeldType_SA', 'B_ppm', 'Ni', 'AC_DC_manquant', 'Al_ppm', 'AC_DC_DC', 'WeldType_ShMA', 'Electrode_pol_-', 'Cu', 'WeldType_MMA']"
V,25,3.013154980763172,0.5346466763108808,0.5114254525738988,0.006297389306109059,0.006297389306109059,0.007534509787787225,"['Mn', 'HeatInput_kJmm', 'PWHT_T_C', 'WeldType_GTAA', 'Ti_ppm', 'Cr', 'PWHT_time_h', 'WeldType_SAA', 'WeldType_GMAA', 'Mo', 'S', 'Si', 'C', 'Current_A', 'WeldType_SA', 'B_ppm', 'Ni', 'AC_DC_manquant', 'Al_ppm', 'AC_DC_DC', 'WeldType_ShMA', 'Electrode_pol_-', 'Cu', 'WeldType_MMA', 'V']"
Nb_ppm,26,3.0110642978284,0.534969562540991,0.5107879797931225,0.006316615272726667,0.006316615272726667,0.007603220573671961,"['Mn', 'HeatInput_kJmm', 'PWHT_T_C', 'WeldType_GTAA', 'Ti_ppm', 'Cr', 'PWHT_time_h', 'WeldType_SAA', 'WeldType_GMAA', 'Mo', 'S', 'Si', 'C', 'Current_A', 'WeldType_SA', 'B_ppm', 'Ni', 'AC_DC_manquant', 'Al_ppm', 'AC_DC_DC', 'WeldType_ShMA', 'Electrode_pol_-', 'Cu', 'WeldType_MMA', 'V', 'Nb_ppm']"
Voltage_V,27,3.0089593151848577,0.5352946572260417,0.5101502799617194,0.006335814105172037,0.006335814105172037,0.007671904225384457,"['Mn', 'HeatInput_kJmm', 'PWHT_T_C', 'WeldType_GTAA', 'Ti_ppm', 'Cr', 'PWHT_time_h', 'WeldType_SAA', 'WeldType_GMAA', 'Mo', 'S', 'Si', 'C', 'Current_A', 'WeldType_SA', 'B_ppm', 'Ni', 'AC_DC_manquant', 'Al_ppm', 'AC_DC_DC', 'WeldType_ShMA', 'Electrode_pol_-', 'Cu', 'WeldType_MMA', 'V', 'Nb_ppm', 'Voltage_V']"
O_ppm,28,3.00766335255445,0.5354948064122892,0.5093780485398878,0.006356548079957321,0.006356548079957321,0.007742123019436866,"['Mn', 'HeatInput_kJmm', 'PWHT_T_C', 'WeldType_GTAA', 'Ti_ppm', 'Cr', 'PWHT_time_h', 'WeldType_SAA', 'WeldType_GMAA', 'Mo', 'S', 'Si', 'C', 'Current_A', 'WeldType_SA', 'B_ppm', 'Ni', 'AC_DC_manquant', 'Al_ppm', 'AC_DC_DC', 'WeldType_ShMA', 'Electrode_pol_-', 'Cu', 'WeldType_MMA', 'V', 'Nb_ppm', 'Voltage_V', 'O_ppm']"
Electrode_pol_manquant,29,3.007054489377298,0.5355888395785116,0.508490401646473,0.006378585848771552,0.006378585848771552,0.007813645607518224,"['Mn', 'HeatInput_kJmm', 'PWHT_T_C', 'WeldType_GTAA', 'Ti_ppm', 'Cr', 'PWHT_time_h', 'WeldType_SAA', 'WeldType_GMAA', 'Mo', 'S', 'Si', 'C', 'Current_A', 'WeldType_SA', 'B_ppm', 'Ni', 'AC_DC_manquant', 'Al_ppm', 'AC_DC_DC', 'WeldType_ShMA', 'Electrode_pol_-', 'Cu', 'WeldType_MMA', 'V', 'Nb_ppm', 'Voltage_V', 'O_ppm', 'Electrode_pol_manquant']"
InterpassT_C,30,3.0068863424199477,0.5356148082877119,0.5075269942728557,0.006401459891247646,0.006401459891247646,0.007886004469261446,"['Mn', 'HeatInput_kJmm', 'PWHT_T_C', 'WeldType_GTAA', 'Ti_ppm', 'Cr', 'PWHT_time_h', 'WeldType_SAA', 'WeldType_GMAA', 'Mo', 'S', 'Si', 'C', 'Current_A', 'WeldType_SA', 'B_ppm', 'Ni', 'AC_DC_manquant', 'Al_ppm', 'AC_DC_DC', 'WeldType_ShMA', 'Electrode_pol_-', 'Cu', 'WeldType_MMA', 'V', 'Nb_ppm', 'Voltage_V', 'O_ppm', 'Electrode_pol_manquant', 'InterpassT_C']"
P,31,3.0068359946961585,0.5356225840180526,0.5065403620070621,0.006424557461681163,0.006424557461681163,0.007958586858962089,"['Mn', 'HeatInput_kJmm', 'PWHT_T_C', 'WeldType_GTAA', 'Ti_ppm', 'Cr', 'PWHT_time_h', 'WeldType_SAA', 'WeldType_GMAA', 'Mo', 'S', 'Si', 'C', 'Current_A', 'WeldType_SA', 'B_ppm', 'Ni', 'AC_DC_manquant', 'Al_ppm', 'AC_DC_DC', 'WeldType_ShMA', 'Electrode_pol_-', 'Cu', 'WeldType_MMA', 'V', 'Nb_ppm', 'Voltage_V', 'O_ppm', 'Electrode_pol_manquant', 'InterpassT_C', 'P']"
N_ppm,32,3.0068170176658686,0.5356255148411186,0.5055445765312316,0.006447714559047315,0.006447714559047315,0.008031228775595369,"['Mn', 'HeatInput_kJmm', 'PWHT_T_C', 'WeldType_GTAA', 'Ti_ppm', 'Cr', 'PWHT_time_h', 'WeldType_SAA', 'WeldType_GMAA', 'Mo', 'S', 'Si', 'C', 'Current_A', 'WeldType_SA', 'B_ppm', 'Ni', 'AC_DC_manquant', 'Al_ppm', 'AC_DC_DC', 'WeldType_ShMA', 'Electrode_pol_-', 'Cu', 'WeldType_MMA', 'V', 'Nb_ppm', 'Voltage_V', 'O_ppm', 'Electrode_pol_manquant', 'InterpassT_C', 'P', 'N_ppm']"
WeldType_TSA,33,3.0068007661940093,0.5356280247274315,0.5045443022446836,0.006470876828251097,0.006470876828251097,0.008103875864066275,"['Mn', 'HeatInput_kJmm', 'PWHT_T_C', 'WeldType_GTAA', 'Ti_ppm', 'Cr', 'PWHT_time_h', 'WeldType_SAA', 'WeldType_GMAA', 'Mo', 'S', 'Si', 'C', 'Current_A', 'WeldType_SA', 'B_ppm', 'Ni', 'AC_DC_manquant', 'Al_ppm', 'AC_DC_DC', 'WeldType_ShMA', 'Electrode_pol_-', 'Cu', 'WeldType_MMA', 'V', 'Nb_ppm', 'Voltage_V', 'O_ppm', 'Electrode_pol_manquant', 'InterpassT_C', 'P', 'N_ppm', 'WeldType_TSA']"
Electrode_pol_0,34,3.0068007661940097,0.5356280247274314,0.5035372784687581,0.006494069935162391,0.006494069935162391,0.008176553790244697,"['Mn', 'HeatInput_kJmm', 'PWHT_T_C', 'WeldType_GTAA', 'Ti_ppm', 'Cr', 'PWHT_time_h', 'WeldType_SAA', 'WeldType_GMAA', 'Mo', 'S', 'Si', 'C', 'Current_A', 'WeldType_SA', 'B_ppm', 'Ni', 'AC_DC_manquant', 'Al_ppm', 'AC_DC_DC', 'WeldType_ShMA', 'Electrode_pol_-', 'Cu', 'WeldType_MMA', 'V', 'Nb_ppm', 'Voltage_V', 'O_ppm', 'Electrode_pol_manquant', 'InterpassT_C', 'P', 'N_ppm', 'WeldType_TSA', 'Electrode_pol_0']"
