variable,valeurs_manquantes,remplissage_pct
As_ppm,500,7.235621521335807
Sb_ppm,481,10.760667903525047
Sn_ppm,471,12.615955473098332
Co,470,12.80148423005566
W,470,12.80148423005566
B_ppm,344,36.178107606679035
Cu,321,40.44526901669759
Ni,291,46.01113172541744
Mo,286,46.93877551020408
Cr,269,50.09276437847866
Nb_ppm,244,54.73098330241187
Ti_ppm,238,55.84415584415584
Al_ppm,218,59.554730983302406
V,206,61.781076066790355
O_ppm,140,74.02597402597402
N_ppm,136,74.76808905380335
Current_A,94,82.56029684601113
Voltage_V,94,82.56029684601113
AC_DC,86,84.04452690166976
Electrode_pol,38,92.94990723562152
P,4,99.25788497217069
S,2,99.62894248608535
InterpassT_C,0,100.0
WeldType,0,100.0
HeatInput_kJmm,0,100.0
C,0,100.0
Mn,0,100.0
Si,0,100.0
PWHT_T_C,0,100.0
PWHT_time_h,0,100.0
